
INSERT INTO [dbo].[Subject] ([SubjectGUID], [SubjectName], [Status], [CreateDate], [LastUpdateDate]) VALUES (N'e3757b82-858b-4943-bfeb-045f543d0788', N'English', N'Active', N'2021-10-14 18:17:03', N'2021-10-14 18:17:03')
INSERT INTO [dbo].[Subject] ([SubjectGUID], [SubjectName], [Status], [CreateDate], [LastUpdateDate]) VALUES (N'33df3d0f-716e-4eb9-896c-197814e263a3', N'Kimia', N'Active', N'2021-10-14 18:22:02', N'2021-10-14 18:22:02')
INSERT INTO [dbo].[Subject] ([SubjectGUID], [SubjectName], [Status], [CreateDate], [LastUpdateDate]) VALUES (N'98f68f5e-a407-4630-b448-2234f182e346', N'Matematik', N'Active', N'2021-10-14 18:22:02', N'2021-10-14 18:22:02')
INSERT INTO [dbo].[Subject] ([SubjectGUID], [SubjectName], [Status], [CreateDate], [LastUpdateDate]) VALUES (N'67a55427-2465-4819-817c-34662c68cc2f', N'Pendidikan Moral', N'Active', N'2021-10-14 18:22:02', N'2021-10-14 18:22:02')
INSERT INTO [dbo].[Subject] ([SubjectGUID], [SubjectName], [Status], [CreateDate], [LastUpdateDate]) VALUES (N'c2014049-a5b7-4c03-b940-8b080b6eb108', N'Biologi', N'Active', N'2021-10-14 18:22:02', N'2021-10-14 18:22:02')
INSERT INTO [dbo].[Subject] ([SubjectGUID], [SubjectName], [Status], [CreateDate], [LastUpdateDate]) VALUES (N'7bb9df99-a54a-47db-8425-a21bab547106', N'Kemahiran Hidup bersepadu', N'Active', N'2021-10-14 18:22:02', N'2021-10-14 18:22:02')
INSERT INTO [dbo].[Subject] ([SubjectGUID], [SubjectName], [Status], [CreateDate], [LastUpdateDate]) VALUES (N'dd7d22c4-4b67-4695-918a-c5688cd857a5', N'Bahasa Malaysia', N'Active', N'2021-10-14 18:22:01', N'2021-10-14 18:22:01')
INSERT INTO [dbo].[Subject] ([SubjectGUID], [SubjectName], [Status], [CreateDate], [LastUpdateDate]) VALUES (N'0da5b899-ed72-49cd-b314-c59cb9dca57c', N'Sains', N'Active', N'2021-10-14 18:22:02', N'2021-10-14 18:22:02')
INSERT INTO [dbo].[Subject] ([SubjectGUID], [SubjectName], [Status], [CreateDate], [LastUpdateDate]) VALUES (N'dab86781-2371-4cd3-9141-d285b864cc64', N'Matematik Tambahan', N'Active', N'2021-10-14 18:22:02', N'2021-10-14 18:22:02')
INSERT INTO [dbo].[Subject] ([SubjectGUID], [SubjectName], [Status], [CreateDate], [LastUpdateDate]) VALUES (N'a0879683-88d5-44e4-8a77-d5d104fd8ce9', N'Fizik', N'Active', N'2021-10-14 18:22:02', N'2021-10-14 18:22:02')
INSERT INTO [dbo].[Subject] ([SubjectGUID], [SubjectName], [Status], [CreateDate], [LastUpdateDate]) VALUES (N'cf9b895e-0e2b-4a6f-a975-fffd5bbcc835', N'Bahasa Cina', N'Active', N'2021-10-14 18:22:02', N'2021-10-14 18:22:02')
INSERT INTO [dbo].[Subject] ([SubjectGUID], [SubjectName], [Status], [CreateDate], [LastUpdateDate]) VALUES (N'68284d3b-6504-4a6d-8158-0ed99b6ca606', N'Sejarah', N'Active', N'2021-10-14 18:22:02', N'2021-10-14 18:22:02')
INSERT INTO [dbo].[Subject] ([SubjectGUID], [SubjectName], [Status], [CreateDate], [LastUpdateDate]) VALUES (N'1af2c17f-a3d2-4e55-91aa-0ac361d55db3', N'Geografi', N'Active', N'2021-10-14 18:22:02', N'2021-10-14 18:22:02')
INSERT INTO [dbo].[Subject] ([SubjectGUID], [SubjectName], [Status], [CreateDate], [LastUpdateDate]) VALUES (N'e4826c38-8a4b-4829-b46e-9e55d58eaf7b', N'Pendidikan Islam', N'Active', N'2021-10-14 18:22:02', N'2021-10-14 18:22:02')
INSERT INTO [dbo].[Subject] ([SubjectGUID], [SubjectName], [Status], [CreateDate], [LastUpdateDate]) VALUES (N'ed3fe072-255e-4de9-9068-65dcefa277d1', N'Prinsip Akaun', N'Active', N'2021-10-14 18:22:02', N'2021-10-14 18:22:02')
INSERT INTO [dbo].[Subject] ([SubjectGUID], [SubjectName], [Status], [CreateDate], [LastUpdateDate]) VALUES (N'74672bd7-da45-43e7-9d20-a8197855526a', N'Pendidikan Seni', N'Active', N'2021-10-14 18:22:02', N'2021-10-14 18:22:02')
INSERT INTO [dbo].[Subject] ([SubjectGUID], [SubjectName], [Status], [CreateDate], [LastUpdateDate]) VALUES (N'e33795fb-1e15-483e-a551-93d195ad10ef', N'Ekonomi', N'Active', N'2021-10-14 18:22:02', N'2021-10-14 18:22:02')

INSERT INTO [dbo].[Timetable] ([TimetableGUID], [CreateDate ], [LastUpdateDate]) VALUES (N'48b90e37-9fc8-480f-9c90-1cb4e55ebf6c', N'2021-11-05 21:19:46', N'2021-11-05 21:19:46')
INSERT INTO [dbo].[Timetable] ([TimetableGUID], [CreateDate ], [LastUpdateDate]) VALUES (N'bdf0c980-6d3f-40c3-ba7e-3b6140c51c0b', N'2021-11-05 22:55:47', N'2021-11-05 22:55:47')
INSERT INTO [dbo].[Timetable] ([TimetableGUID], [CreateDate ], [LastUpdateDate]) VALUES (N'96d2d905-744b-40fc-9dcb-77ad69b6d326', N'2021-11-05 23:16:29', N'2021-11-05 23:16:29')
INSERT INTO [dbo].[Timetable] ([TimetableGUID], [CreateDate ], [LastUpdateDate]) VALUES (N'58dd4e8c-f386-44b4-b1ed-8c1a23ba006f', N'2021-11-05 23:42:30', N'2021-11-05 23:42:30')
INSERT INTO [dbo].[Timetable] ([TimetableGUID], [CreateDate ], [LastUpdateDate]) VALUES (N'388dda0a-7e9d-45c7-9759-969341c6f8d3', N'2021-11-05 23:38:49', N'2021-11-05 23:38:49')
INSERT INTO [dbo].[Timetable] ([TimetableGUID], [CreateDate ], [LastUpdateDate]) VALUES (N'ba243e9c-caf8-49f3-8087-a3fe81a46b58', N'2021-11-05 23:06:12', N'2021-11-05 23:06:12')
INSERT INTO [dbo].[Timetable] ([TimetableGUID], [CreateDate ], [LastUpdateDate]) VALUES (N'7ab1c409-38a9-4348-9793-a639136b0e3a', N'2021-11-05 23:23:46', N'2021-11-05 23:23:46')
INSERT INTO [dbo].[Timetable] ([TimetableGUID], [CreateDate ], [LastUpdateDate]) VALUES (N'92b7b4d1-e2b4-4b7e-a4e1-ac86b765d307', N'2021-11-05 22:25:09', N'2021-11-05 22:25:09')
INSERT INTO [dbo].[Timetable] ([TimetableGUID], [CreateDate ], [LastUpdateDate]) VALUES (N'44521579-7d4e-42a3-b6f0-b0db087315fa', N'2021-11-05 23:13:01', N'2021-11-05 23:13:01')
INSERT INTO [dbo].[Timetable] ([TimetableGUID], [CreateDate ], [LastUpdateDate]) VALUES (N'e75fe9a3-3cba-4a48-841f-df283b99b8cf', N'2021-11-05 22:31:33', N'2021-11-05 22:31:33')
INSERT INTO [dbo].[Timetable] ([TimetableGUID], [CreateDate ], [LastUpdateDate]) VALUES (N'd04a3390-d553-4c11-a799-f3930b08b355', N'2021-11-05 22:59:57', N'2021-11-05 22:59:57')

INSERT INTO [dbo].[TimetableSubject] ([TimetableSubjectGUID], [TimetableGUID], [Day], [TimeSlot1], [TimeSlot2], [TimeSlot3], [TimeSlot4], [TimeSlot5], [TimeSlot6], [TimeSlot7], [TimeSlot8], [TimeSlot9], [TimeSlot10]) VALUES (N'719059a2-f9b8-4e74-81bd-09c8ee4ac3a9', N'e75fe9a3-3cba-4a48-841f-df283b99b8cf', 2, N'e3757b82-858b-4943-bfeb-045f543d0788', N'e3757b82-858b-4943-bfeb-045f543d0788', N'68284d3b-6504-4a6d-8158-0ed99b6ca606', N'68284d3b-6504-4a6d-8158-0ed99b6ca606', N'', N'a0879683-88d5-44e4-8a77-d5d104fd8ce9', N'a0879683-88d5-44e4-8a77-d5d104fd8ce9', N'dd7d22c4-4b67-4695-918a-c5688cd857a5', N'dd7d22c4-4b67-4695-918a-c5688cd857a5', N'98f68f5e-a407-4630-b448-2234f182e346')
INSERT INTO [dbo].[TimetableSubject] ([TimetableSubjectGUID], [TimetableGUID], [Day], [TimeSlot1], [TimeSlot2], [TimeSlot3], [TimeSlot4], [TimeSlot5], [TimeSlot6], [TimeSlot7], [TimeSlot8], [TimeSlot9], [TimeSlot10]) VALUES (N'cec00b5c-506b-4106-8fc4-116c0b59c38b', N'96d2d905-744b-40fc-9dcb-77ad69b6d326', 4, N'74672bd7-da45-43e7-9d20-a8197855526a', N'74672bd7-da45-43e7-9d20-a8197855526a', N'1af2c17f-a3d2-4e55-91aa-0ac361d55db3', N'1af2c17f-a3d2-4e55-91aa-0ac361d55db3', N'', N'7bb9df99-a54a-47db-8425-a21bab547106', N'7bb9df99-a54a-47db-8425-a21bab547106', N'7bb9df99-a54a-47db-8425-a21bab547106', N'dd7d22c4-4b67-4695-918a-c5688cd857a5', N'dd7d22c4-4b67-4695-918a-c5688cd857a5')
INSERT INTO [dbo].[TimetableSubject] ([TimetableSubjectGUID], [TimetableGUID], [Day], [TimeSlot1], [TimeSlot2], [TimeSlot3], [TimeSlot4], [TimeSlot5], [TimeSlot6], [TimeSlot7], [TimeSlot8], [TimeSlot9], [TimeSlot10]) VALUES (N'335512da-1d45-4a5c-ac21-15c89da411aa', N'ba243e9c-caf8-49f3-8087-a3fe81a46b58', 2, N'67a55427-2465-4819-817c-34662c68cc2f', N'67a55427-2465-4819-817c-34662c68cc2f', N'dd7d22c4-4b67-4695-918a-c5688cd857a5', N'dd7d22c4-4b67-4695-918a-c5688cd857a5', N'', N'98f68f5e-a407-4630-b448-2234f182e346', N'98f68f5e-a407-4630-b448-2234f182e346', N'0da5b899-ed72-49cd-b314-c59cb9dca57c', N'7bb9df99-a54a-47db-8425-a21bab547106', N'7bb9df99-a54a-47db-8425-a21bab547106')
INSERT INTO [dbo].[TimetableSubject] ([TimetableSubjectGUID], [TimetableGUID], [Day], [TimeSlot1], [TimeSlot2], [TimeSlot3], [TimeSlot4], [TimeSlot5], [TimeSlot6], [TimeSlot7], [TimeSlot8], [TimeSlot9], [TimeSlot10]) VALUES (N'54078767-d6be-478f-8da8-17fe25b27233', N'7ab1c409-38a9-4348-9793-a639136b0e3a', 3, N'e4826c38-8a4b-4829-b46e-9e55d58eaf7b', N'98f68f5e-a407-4630-b448-2234f182e346', N'98f68f5e-a407-4630-b448-2234f182e346', N'e3757b82-858b-4943-bfeb-045f543d0788', N'', N'74672bd7-da45-43e7-9d20-a8197855526a', N'74672bd7-da45-43e7-9d20-a8197855526a', N'dd7d22c4-4b67-4695-918a-c5688cd857a5', N'dd7d22c4-4b67-4695-918a-c5688cd857a5', N'dd7d22c4-4b67-4695-918a-c5688cd857a5')
INSERT INTO [dbo].[TimetableSubject] ([TimetableSubjectGUID], [TimetableGUID], [Day], [TimeSlot1], [TimeSlot2], [TimeSlot3], [TimeSlot4], [TimeSlot5], [TimeSlot6], [TimeSlot7], [TimeSlot8], [TimeSlot9], [TimeSlot10]) VALUES (N'725d8a71-1fed-4218-83cf-1f0475f1296d', N'96d2d905-744b-40fc-9dcb-77ad69b6d326', 1, N'74672bd7-da45-43e7-9d20-a8197855526a', N'74672bd7-da45-43e7-9d20-a8197855526a', N'67a55427-2465-4819-817c-34662c68cc2f', N'67a55427-2465-4819-817c-34662c68cc2f', N'', N'98f68f5e-a407-4630-b448-2234f182e346', N'98f68f5e-a407-4630-b448-2234f182e346', N'98f68f5e-a407-4630-b448-2234f182e346', N'e3757b82-858b-4943-bfeb-045f543d0788', N'e3757b82-858b-4943-bfeb-045f543d0788')
INSERT INTO [dbo].[TimetableSubject] ([TimetableSubjectGUID], [TimetableGUID], [Day], [TimeSlot1], [TimeSlot2], [TimeSlot3], [TimeSlot4], [TimeSlot5], [TimeSlot6], [TimeSlot7], [TimeSlot8], [TimeSlot9], [TimeSlot10]) VALUES (N'4adbe760-5b06-418d-834d-27fb984af5da', N'bdf0c980-6d3f-40c3-ba7e-3b6140c51c0b', 3, N'7bb9df99-a54a-47db-8425-a21bab547106', N'7bb9df99-a54a-47db-8425-a21bab547106', N'dd7d22c4-4b67-4695-918a-c5688cd857a5', N'dd7d22c4-4b67-4695-918a-c5688cd857a5', N'', N'0da5b899-ed72-49cd-b314-c59cb9dca57c', N'0da5b899-ed72-49cd-b314-c59cb9dca57c', N'98f68f5e-a407-4630-b448-2234f182e346', N'98f68f5e-a407-4630-b448-2234f182e346', N'68284d3b-6504-4a6d-8158-0ed99b6ca606')
INSERT INTO [dbo].[TimetableSubject] ([TimetableSubjectGUID], [TimetableGUID], [Day], [TimeSlot1], [TimeSlot2], [TimeSlot3], [TimeSlot4], [TimeSlot5], [TimeSlot6], [TimeSlot7], [TimeSlot8], [TimeSlot9], [TimeSlot10]) VALUES (N'4da1b9ef-bc1b-4006-93ba-2874745ef111', N'44521579-7d4e-42a3-b6f0-b0db087315fa', 1, N'e3757b82-858b-4943-bfeb-045f543d0788', N'e3757b82-858b-4943-bfeb-045f543d0788', N'67a55427-2465-4819-817c-34662c68cc2f', N'67a55427-2465-4819-817c-34662c68cc2f', N'', N'e33795fb-1e15-483e-a551-93d195ad10ef', N'e33795fb-1e15-483e-a551-93d195ad10ef', N'ed3fe072-255e-4de9-9068-65dcefa277d1', N'ed3fe072-255e-4de9-9068-65dcefa277d1', N'0da5b899-ed72-49cd-b314-c59cb9dca57c')
INSERT INTO [dbo].[TimetableSubject] ([TimetableSubjectGUID], [TimetableGUID], [Day], [TimeSlot1], [TimeSlot2], [TimeSlot3], [TimeSlot4], [TimeSlot5], [TimeSlot6], [TimeSlot7], [TimeSlot8], [TimeSlot9], [TimeSlot10]) VALUES (N'40d99b90-b825-49da-b366-28b29d8efc72', N'92b7b4d1-e2b4-4b7e-a4e1-ac86b765d307', 1, N'e3757b82-858b-4943-bfeb-045f543d0788', N'e3757b82-858b-4943-bfeb-045f543d0788', N'dd7d22c4-4b67-4695-918a-c5688cd857a5', N'dd7d22c4-4b67-4695-918a-c5688cd857a5', N'', N'67a55427-2465-4819-817c-34662c68cc2f', N'e4826c38-8a4b-4829-b46e-9e55d58eaf7b', N'0da5b899-ed72-49cd-b314-c59cb9dca57c', N'e33795fb-1e15-483e-a551-93d195ad10ef', N'68284d3b-6504-4a6d-8158-0ed99b6ca606')
INSERT INTO [dbo].[TimetableSubject] ([TimetableSubjectGUID], [TimetableGUID], [Day], [TimeSlot1], [TimeSlot2], [TimeSlot3], [TimeSlot4], [TimeSlot5], [TimeSlot6], [TimeSlot7], [TimeSlot8], [TimeSlot9], [TimeSlot10]) VALUES (N'82c75e51-e6a4-46b4-9f66-2aba616f7af4', N'388dda0a-7e9d-45c7-9759-969341c6f8d3', 4, N'dd7d22c4-4b67-4695-918a-c5688cd857a5', N'dd7d22c4-4b67-4695-918a-c5688cd857a5', N'74672bd7-da45-43e7-9d20-a8197855526a', N'74672bd7-da45-43e7-9d20-a8197855526a', N'', N'68284d3b-6504-4a6d-8158-0ed99b6ca606', N'68284d3b-6504-4a6d-8158-0ed99b6ca606', N'1af2c17f-a3d2-4e55-91aa-0ac361d55db3', N'1af2c17f-a3d2-4e55-91aa-0ac361d55db3', N'74672bd7-da45-43e7-9d20-a8197855526a')
INSERT INTO [dbo].[TimetableSubject] ([TimetableSubjectGUID], [TimetableGUID], [Day], [TimeSlot1], [TimeSlot2], [TimeSlot3], [TimeSlot4], [TimeSlot5], [TimeSlot6], [TimeSlot7], [TimeSlot8], [TimeSlot9], [TimeSlot10]) VALUES (N'b0e6833f-7eff-4eb4-9878-319d55f501e4', N'58dd4e8c-f386-44b4-b1ed-8c1a23ba006f', 5, N'e4826c38-8a4b-4829-b46e-9e55d58eaf7b', N'e4826c38-8a4b-4829-b46e-9e55d58eaf7b', N'68284d3b-6504-4a6d-8158-0ed99b6ca606', N'68284d3b-6504-4a6d-8158-0ed99b6ca606', N'', N'33df3d0f-716e-4eb9-896c-197814e263a3', N'98f68f5e-a407-4630-b448-2234f182e346', N'98f68f5e-a407-4630-b448-2234f182e346', N'cf9b895e-0e2b-4a6f-a975-fffd5bbcc835', N'cf9b895e-0e2b-4a6f-a975-fffd5bbcc835')
INSERT INTO [dbo].[TimetableSubject] ([TimetableSubjectGUID], [TimetableGUID], [Day], [TimeSlot1], [TimeSlot2], [TimeSlot3], [TimeSlot4], [TimeSlot5], [TimeSlot6], [TimeSlot7], [TimeSlot8], [TimeSlot9], [TimeSlot10]) VALUES (N'6ac2dfce-0c72-4b8d-97ca-3379e7e7e5a8', N'd04a3390-d553-4c11-a799-f3930b08b355', 2, N'7bb9df99-a54a-47db-8425-a21bab547106', N'7bb9df99-a54a-47db-8425-a21bab547106', N'e3757b82-858b-4943-bfeb-045f543d0788', N'e3757b82-858b-4943-bfeb-045f543d0788', N'', N'98f68f5e-a407-4630-b448-2234f182e346', N'98f68f5e-a407-4630-b448-2234f182e346', N'74672bd7-da45-43e7-9d20-a8197855526a', N'74672bd7-da45-43e7-9d20-a8197855526a', N'74672bd7-da45-43e7-9d20-a8197855526a')
INSERT INTO [dbo].[TimetableSubject] ([TimetableSubjectGUID], [TimetableGUID], [Day], [TimeSlot1], [TimeSlot2], [TimeSlot3], [TimeSlot4], [TimeSlot5], [TimeSlot6], [TimeSlot7], [TimeSlot8], [TimeSlot9], [TimeSlot10]) VALUES (N'8fcbb44a-7918-4bad-bc6a-397ee4529de0', N'd04a3390-d553-4c11-a799-f3930b08b355', 5, N'dd7d22c4-4b67-4695-918a-c5688cd857a5', N'67a55427-2465-4819-817c-34662c68cc2f', N'67a55427-2465-4819-817c-34662c68cc2f', N'7bb9df99-a54a-47db-8425-a21bab547106', N'', N'1af2c17f-a3d2-4e55-91aa-0ac361d55db3', N'68284d3b-6504-4a6d-8158-0ed99b6ca606', N'68284d3b-6504-4a6d-8158-0ed99b6ca606', N'cf9b895e-0e2b-4a6f-a975-fffd5bbcc835', N'cf9b895e-0e2b-4a6f-a975-fffd5bbcc835')
INSERT INTO [dbo].[TimetableSubject] ([TimetableSubjectGUID], [TimetableGUID], [Day], [TimeSlot1], [TimeSlot2], [TimeSlot3], [TimeSlot4], [TimeSlot5], [TimeSlot6], [TimeSlot7], [TimeSlot8], [TimeSlot9], [TimeSlot10]) VALUES (N'5cf39712-0874-479a-8cb8-3f880c5374cd', N'bdf0c980-6d3f-40c3-ba7e-3b6140c51c0b', 2, N'67a55427-2465-4819-817c-34662c68cc2f', N'67a55427-2465-4819-817c-34662c68cc2f', N'1af2c17f-a3d2-4e55-91aa-0ac361d55db3', N'1af2c17f-a3d2-4e55-91aa-0ac361d55db3', N'', N'e3757b82-858b-4943-bfeb-045f543d0788', N'e3757b82-858b-4943-bfeb-045f543d0788', N'dd7d22c4-4b67-4695-918a-c5688cd857a5', N'74672bd7-da45-43e7-9d20-a8197855526a', N'74672bd7-da45-43e7-9d20-a8197855526a')
INSERT INTO [dbo].[TimetableSubject] ([TimetableSubjectGUID], [TimetableGUID], [Day], [TimeSlot1], [TimeSlot2], [TimeSlot3], [TimeSlot4], [TimeSlot5], [TimeSlot6], [TimeSlot7], [TimeSlot8], [TimeSlot9], [TimeSlot10]) VALUES (N'66b3f74b-f27a-4db7-a3eb-40b771225ba9', N'92b7b4d1-e2b4-4b7e-a4e1-ac86b765d307', 2, N'0da5b899-ed72-49cd-b314-c59cb9dca57c', N'0da5b899-ed72-49cd-b314-c59cb9dca57c', N'68284d3b-6504-4a6d-8158-0ed99b6ca606', N'68284d3b-6504-4a6d-8158-0ed99b6ca606', N'', N'98f68f5e-a407-4630-b448-2234f182e346', N'98f68f5e-a407-4630-b448-2234f182e346', N'e3757b82-858b-4943-bfeb-045f543d0788', N'e3757b82-858b-4943-bfeb-045f543d0788', N'dd7d22c4-4b67-4695-918a-c5688cd857a5')
INSERT INTO [dbo].[TimetableSubject] ([TimetableSubjectGUID], [TimetableGUID], [Day], [TimeSlot1], [TimeSlot2], [TimeSlot3], [TimeSlot4], [TimeSlot5], [TimeSlot6], [TimeSlot7], [TimeSlot8], [TimeSlot9], [TimeSlot10]) VALUES (N'58bcf738-5243-43eb-a855-459080250cff', N'48b90e37-9fc8-480f-9c90-1cb4e55ebf6c', 4, N'98f68f5e-a407-4630-b448-2234f182e346', N'98f68f5e-a407-4630-b448-2234f182e346', N'dd7d22c4-4b67-4695-918a-c5688cd857a5', N'dd7d22c4-4b67-4695-918a-c5688cd857a5', N'', N'e33795fb-1e15-483e-a551-93d195ad10ef', N'e33795fb-1e15-483e-a551-93d195ad10ef', N'cf9b895e-0e2b-4a6f-a975-fffd5bbcc835', N'0da5b899-ed72-49cd-b314-c59cb9dca57c', N'e3757b82-858b-4943-bfeb-045f543d0788')
INSERT INTO [dbo].[TimetableSubject] ([TimetableSubjectGUID], [TimetableGUID], [Day], [TimeSlot1], [TimeSlot2], [TimeSlot3], [TimeSlot4], [TimeSlot5], [TimeSlot6], [TimeSlot7], [TimeSlot8], [TimeSlot9], [TimeSlot10]) VALUES (N'56ec883d-6e97-4d4c-b2dc-4775a72c82fd', N'96d2d905-744b-40fc-9dcb-77ad69b6d326', 2, N'68284d3b-6504-4a6d-8158-0ed99b6ca606', N'68284d3b-6504-4a6d-8158-0ed99b6ca606', N'98f68f5e-a407-4630-b448-2234f182e346', N'98f68f5e-a407-4630-b448-2234f182e346', N'', N'0da5b899-ed72-49cd-b314-c59cb9dca57c', N'0da5b899-ed72-49cd-b314-c59cb9dca57c', N'0da5b899-ed72-49cd-b314-c59cb9dca57c', N'e3757b82-858b-4943-bfeb-045f543d0788', N'e3757b82-858b-4943-bfeb-045f543d0788')
INSERT INTO [dbo].[TimetableSubject] ([TimetableSubjectGUID], [TimetableGUID], [Day], [TimeSlot1], [TimeSlot2], [TimeSlot3], [TimeSlot4], [TimeSlot5], [TimeSlot6], [TimeSlot7], [TimeSlot8], [TimeSlot9], [TimeSlot10]) VALUES (N'ece51ca3-24ef-404d-9f85-49cc679b32a8', N'388dda0a-7e9d-45c7-9759-969341c6f8d3', 1, N'74672bd7-da45-43e7-9d20-a8197855526a', N'74672bd7-da45-43e7-9d20-a8197855526a', N'e4826c38-8a4b-4829-b46e-9e55d58eaf7b', N'e4826c38-8a4b-4829-b46e-9e55d58eaf7b', N'', N'67a55427-2465-4819-817c-34662c68cc2f', N'98f68f5e-a407-4630-b448-2234f182e346', N'98f68f5e-a407-4630-b448-2234f182e346', N'e3757b82-858b-4943-bfeb-045f543d0788', N'e3757b82-858b-4943-bfeb-045f543d0788')
INSERT INTO [dbo].[TimetableSubject] ([TimetableSubjectGUID], [TimetableGUID], [Day], [TimeSlot1], [TimeSlot2], [TimeSlot3], [TimeSlot4], [TimeSlot5], [TimeSlot6], [TimeSlot7], [TimeSlot8], [TimeSlot9], [TimeSlot10]) VALUES (N'57599f47-5c9e-464e-bc81-51aefc449f42', N'd04a3390-d553-4c11-a799-f3930b08b355', 4, N'dd7d22c4-4b67-4695-918a-c5688cd857a5', N'dd7d22c4-4b67-4695-918a-c5688cd857a5', N'e4826c38-8a4b-4829-b46e-9e55d58eaf7b', N'e4826c38-8a4b-4829-b46e-9e55d58eaf7b', N'', N'1af2c17f-a3d2-4e55-91aa-0ac361d55db3', N'1af2c17f-a3d2-4e55-91aa-0ac361d55db3', N'98f68f5e-a407-4630-b448-2234f182e346', N'0da5b899-ed72-49cd-b314-c59cb9dca57c', N'0da5b899-ed72-49cd-b314-c59cb9dca57c')
INSERT INTO [dbo].[TimetableSubject] ([TimetableSubjectGUID], [TimetableGUID], [Day], [TimeSlot1], [TimeSlot2], [TimeSlot3], [TimeSlot4], [TimeSlot5], [TimeSlot6], [TimeSlot7], [TimeSlot8], [TimeSlot9], [TimeSlot10]) VALUES (N'e3606d71-9746-48c9-aa07-5649d829ff16', N'7ab1c409-38a9-4348-9793-a639136b0e3a', 5, N'68284d3b-6504-4a6d-8158-0ed99b6ca606', N'68284d3b-6504-4a6d-8158-0ed99b6ca606', N'1af2c17f-a3d2-4e55-91aa-0ac361d55db3', N'1af2c17f-a3d2-4e55-91aa-0ac361d55db3', N'', N'e4826c38-8a4b-4829-b46e-9e55d58eaf7b', N'e4826c38-8a4b-4829-b46e-9e55d58eaf7b', N'dd7d22c4-4b67-4695-918a-c5688cd857a5', N'cf9b895e-0e2b-4a6f-a975-fffd5bbcc835', N'cf9b895e-0e2b-4a6f-a975-fffd5bbcc835')
INSERT INTO [dbo].[TimetableSubject] ([TimetableSubjectGUID], [TimetableGUID], [Day], [TimeSlot1], [TimeSlot2], [TimeSlot3], [TimeSlot4], [TimeSlot5], [TimeSlot6], [TimeSlot7], [TimeSlot8], [TimeSlot9], [TimeSlot10]) VALUES (N'e777ee1d-f04c-4cdb-ab3c-5ef5a59e4498', N'96d2d905-744b-40fc-9dcb-77ad69b6d326', 5, N'1af2c17f-a3d2-4e55-91aa-0ac361d55db3', N'1af2c17f-a3d2-4e55-91aa-0ac361d55db3', N'e4826c38-8a4b-4829-b46e-9e55d58eaf7b', N'e4826c38-8a4b-4829-b46e-9e55d58eaf7b', N'', N'7bb9df99-a54a-47db-8425-a21bab547106', N'7bb9df99-a54a-47db-8425-a21bab547106', N'dd7d22c4-4b67-4695-918a-c5688cd857a5', N'cf9b895e-0e2b-4a6f-a975-fffd5bbcc835', N'cf9b895e-0e2b-4a6f-a975-fffd5bbcc835')
INSERT INTO [dbo].[TimetableSubject] ([TimetableSubjectGUID], [TimetableGUID], [Day], [TimeSlot1], [TimeSlot2], [TimeSlot3], [TimeSlot4], [TimeSlot5], [TimeSlot6], [TimeSlot7], [TimeSlot8], [TimeSlot9], [TimeSlot10]) VALUES (N'c8d87eb0-bf85-4c7f-a48a-60b0ee5e7942', N'ba243e9c-caf8-49f3-8087-a3fe81a46b58', 1, N'0da5b899-ed72-49cd-b314-c59cb9dca57c', N'dd7d22c4-4b67-4695-918a-c5688cd857a5', N'68284d3b-6504-4a6d-8158-0ed99b6ca606', N'68284d3b-6504-4a6d-8158-0ed99b6ca606', N'', N'e3757b82-858b-4943-bfeb-045f543d0788', N'e3757b82-858b-4943-bfeb-045f543d0788', N'98f68f5e-a407-4630-b448-2234f182e346', N'74672bd7-da45-43e7-9d20-a8197855526a', N'74672bd7-da45-43e7-9d20-a8197855526a')
INSERT INTO [dbo].[TimetableSubject] ([TimetableSubjectGUID], [TimetableGUID], [Day], [TimeSlot1], [TimeSlot2], [TimeSlot3], [TimeSlot4], [TimeSlot5], [TimeSlot6], [TimeSlot7], [TimeSlot8], [TimeSlot9], [TimeSlot10]) VALUES (N'512adba9-460b-4d8f-a3a0-65bb77eaf1ad', N'48b90e37-9fc8-480f-9c90-1cb4e55ebf6c', 2, N'0da5b899-ed72-49cd-b314-c59cb9dca57c', N'0da5b899-ed72-49cd-b314-c59cb9dca57c', N'68284d3b-6504-4a6d-8158-0ed99b6ca606', N'68284d3b-6504-4a6d-8158-0ed99b6ca606', N'', N'98f68f5e-a407-4630-b448-2234f182e346', N'98f68f5e-a407-4630-b448-2234f182e346', N'e3757b82-858b-4943-bfeb-045f543d0788', N'e3757b82-858b-4943-bfeb-045f543d0788', N'dd7d22c4-4b67-4695-918a-c5688cd857a5')
INSERT INTO [dbo].[TimetableSubject] ([TimetableSubjectGUID], [TimetableGUID], [Day], [TimeSlot1], [TimeSlot2], [TimeSlot3], [TimeSlot4], [TimeSlot5], [TimeSlot6], [TimeSlot7], [TimeSlot8], [TimeSlot9], [TimeSlot10]) VALUES (N'71ccaf4c-6be9-421b-8af0-68509c5b0bfe', N'e75fe9a3-3cba-4a48-841f-df283b99b8cf', 1, N'a0879683-88d5-44e4-8a77-d5d104fd8ce9', N'a0879683-88d5-44e4-8a77-d5d104fd8ce9', N'dab86781-2371-4cd3-9141-d285b864cc64', N'dab86781-2371-4cd3-9141-d285b864cc64', N'', N'33df3d0f-716e-4eb9-896c-197814e263a3', N'33df3d0f-716e-4eb9-896c-197814e263a3', N'e3757b82-858b-4943-bfeb-045f543d0788', N'98f68f5e-a407-4630-b448-2234f182e346', N'98f68f5e-a407-4630-b448-2234f182e346')
INSERT INTO [dbo].[TimetableSubject] ([TimetableSubjectGUID], [TimetableGUID], [Day], [TimeSlot1], [TimeSlot2], [TimeSlot3], [TimeSlot4], [TimeSlot5], [TimeSlot6], [TimeSlot7], [TimeSlot8], [TimeSlot9], [TimeSlot10]) VALUES (N'77c3e5e5-6531-4fd1-86b7-7224a1294c5d', N'58dd4e8c-f386-44b4-b1ed-8c1a23ba006f', 4, N'68284d3b-6504-4a6d-8158-0ed99b6ca606', N'68284d3b-6504-4a6d-8158-0ed99b6ca606', N'c2014049-a5b7-4c03-b940-8b080b6eb108', N'c2014049-a5b7-4c03-b940-8b080b6eb108', N'', N'dab86781-2371-4cd3-9141-d285b864cc64', N'dab86781-2371-4cd3-9141-d285b864cc64', N'33df3d0f-716e-4eb9-896c-197814e263a3', N'33df3d0f-716e-4eb9-896c-197814e263a3', N'dd7d22c4-4b67-4695-918a-c5688cd857a5')
INSERT INTO [dbo].[TimetableSubject] ([TimetableSubjectGUID], [TimetableGUID], [Day], [TimeSlot1], [TimeSlot2], [TimeSlot3], [TimeSlot4], [TimeSlot5], [TimeSlot6], [TimeSlot7], [TimeSlot8], [TimeSlot9], [TimeSlot10]) VALUES (N'81cf8178-e65c-45c4-98cb-79a37f9d8d4b', N'92b7b4d1-e2b4-4b7e-a4e1-ac86b765d307', 5, N'67a55427-2465-4819-817c-34662c68cc2f', N'67a55427-2465-4819-817c-34662c68cc2f', N'e4826c38-8a4b-4829-b46e-9e55d58eaf7b', N'e4826c38-8a4b-4829-b46e-9e55d58eaf7b', N'', N'ed3fe072-255e-4de9-9068-65dcefa277d1', N'dab86781-2371-4cd3-9141-d285b864cc64', N'dab86781-2371-4cd3-9141-d285b864cc64', N'cf9b895e-0e2b-4a6f-a975-fffd5bbcc835', N'cf9b895e-0e2b-4a6f-a975-fffd5bbcc835')
INSERT INTO [dbo].[TimetableSubject] ([TimetableSubjectGUID], [TimetableGUID], [Day], [TimeSlot1], [TimeSlot2], [TimeSlot3], [TimeSlot4], [TimeSlot5], [TimeSlot6], [TimeSlot7], [TimeSlot8], [TimeSlot9], [TimeSlot10]) VALUES (N'5e80a393-06a4-4594-b285-7a4e7fc1413a', N'44521579-7d4e-42a3-b6f0-b0db087315fa', 4, N'e33795fb-1e15-483e-a551-93d195ad10ef', N'e33795fb-1e15-483e-a551-93d195ad10ef', N'e4826c38-8a4b-4829-b46e-9e55d58eaf7b', N'e4826c38-8a4b-4829-b46e-9e55d58eaf7b', N'', N'dd7d22c4-4b67-4695-918a-c5688cd857a5', N'dd7d22c4-4b67-4695-918a-c5688cd857a5', N'0da5b899-ed72-49cd-b314-c59cb9dca57c', N'0da5b899-ed72-49cd-b314-c59cb9dca57c', N'68284d3b-6504-4a6d-8158-0ed99b6ca606')
INSERT INTO [dbo].[TimetableSubject] ([TimetableSubjectGUID], [TimetableGUID], [Day], [TimeSlot1], [TimeSlot2], [TimeSlot3], [TimeSlot4], [TimeSlot5], [TimeSlot6], [TimeSlot7], [TimeSlot8], [TimeSlot9], [TimeSlot10]) VALUES (N'ac2068b7-4640-469f-b458-7b01933e97ec', N'96d2d905-744b-40fc-9dcb-77ad69b6d326', 3, N'68284d3b-6504-4a6d-8158-0ed99b6ca606', N'68284d3b-6504-4a6d-8158-0ed99b6ca606', N'68284d3b-6504-4a6d-8158-0ed99b6ca606', N'1af2c17f-a3d2-4e55-91aa-0ac361d55db3', N'', N'0da5b899-ed72-49cd-b314-c59cb9dca57c', N'0da5b899-ed72-49cd-b314-c59cb9dca57c', N'dd7d22c4-4b67-4695-918a-c5688cd857a5', N'dd7d22c4-4b67-4695-918a-c5688cd857a5', N'e3757b82-858b-4943-bfeb-045f543d0788')
INSERT INTO [dbo].[TimetableSubject] ([TimetableSubjectGUID], [TimetableGUID], [Day], [TimeSlot1], [TimeSlot2], [TimeSlot3], [TimeSlot4], [TimeSlot5], [TimeSlot6], [TimeSlot7], [TimeSlot8], [TimeSlot9], [TimeSlot10]) VALUES (N'975c5c30-359b-4250-8312-7b9fd8149dc1', N'7ab1c409-38a9-4348-9793-a639136b0e3a', 4, N'0da5b899-ed72-49cd-b314-c59cb9dca57c', N'0da5b899-ed72-49cd-b314-c59cb9dca57c', N'67a55427-2465-4819-817c-34662c68cc2f', N'67a55427-2465-4819-817c-34662c68cc2f', N'', N'1af2c17f-a3d2-4e55-91aa-0ac361d55db3', N'1af2c17f-a3d2-4e55-91aa-0ac361d55db3', N'0da5b899-ed72-49cd-b314-c59cb9dca57c', N'68284d3b-6504-4a6d-8158-0ed99b6ca606', N'68284d3b-6504-4a6d-8158-0ed99b6ca606')
INSERT INTO [dbo].[TimetableSubject] ([TimetableSubjectGUID], [TimetableGUID], [Day], [TimeSlot1], [TimeSlot2], [TimeSlot3], [TimeSlot4], [TimeSlot5], [TimeSlot6], [TimeSlot7], [TimeSlot8], [TimeSlot9], [TimeSlot10]) VALUES (N'9b9758a3-5ceb-438e-993e-893838031eb7', N'd04a3390-d553-4c11-a799-f3930b08b355', 1, N'e3757b82-858b-4943-bfeb-045f543d0788', N'e3757b82-858b-4943-bfeb-045f543d0788', N'7bb9df99-a54a-47db-8425-a21bab547106', N'7bb9df99-a54a-47db-8425-a21bab547106', N'', N'0da5b899-ed72-49cd-b314-c59cb9dca57c', N'0da5b899-ed72-49cd-b314-c59cb9dca57c', N'68284d3b-6504-4a6d-8158-0ed99b6ca606', N'68284d3b-6504-4a6d-8158-0ed99b6ca606', N'74672bd7-da45-43e7-9d20-a8197855526a')
INSERT INTO [dbo].[TimetableSubject] ([TimetableSubjectGUID], [TimetableGUID], [Day], [TimeSlot1], [TimeSlot2], [TimeSlot3], [TimeSlot4], [TimeSlot5], [TimeSlot6], [TimeSlot7], [TimeSlot8], [TimeSlot9], [TimeSlot10]) VALUES (N'45a717a7-6c18-4d3a-bdec-8d4e5159ad00', N'92b7b4d1-e2b4-4b7e-a4e1-ac86b765d307', 4, N'98f68f5e-a407-4630-b448-2234f182e346', N'98f68f5e-a407-4630-b448-2234f182e346', N'dd7d22c4-4b67-4695-918a-c5688cd857a5', N'dd7d22c4-4b67-4695-918a-c5688cd857a5', N'', N'e33795fb-1e15-483e-a551-93d195ad10ef', N'e33795fb-1e15-483e-a551-93d195ad10ef', N'e3757b82-858b-4943-bfeb-045f543d0788', N'0da5b899-ed72-49cd-b314-c59cb9dca57c', N'e3757b82-858b-4943-bfeb-045f543d0788')
INSERT INTO [dbo].[TimetableSubject] ([TimetableSubjectGUID], [TimetableGUID], [Day], [TimeSlot1], [TimeSlot2], [TimeSlot3], [TimeSlot4], [TimeSlot5], [TimeSlot6], [TimeSlot7], [TimeSlot8], [TimeSlot9], [TimeSlot10]) VALUES (N'f3569081-2a99-44ba-8a20-8df4adaa0c35', N'7ab1c409-38a9-4348-9793-a639136b0e3a', 1, N'7bb9df99-a54a-47db-8425-a21bab547106', N'7bb9df99-a54a-47db-8425-a21bab547106', N'98f68f5e-a407-4630-b448-2234f182e346', N'98f68f5e-a407-4630-b448-2234f182e346', N'', N'68284d3b-6504-4a6d-8158-0ed99b6ca606', N'0da5b899-ed72-49cd-b314-c59cb9dca57c', N'0da5b899-ed72-49cd-b314-c59cb9dca57c', N'e3757b82-858b-4943-bfeb-045f543d0788', N'e3757b82-858b-4943-bfeb-045f543d0788')
INSERT INTO [dbo].[TimetableSubject] ([TimetableSubjectGUID], [TimetableGUID], [Day], [TimeSlot1], [TimeSlot2], [TimeSlot3], [TimeSlot4], [TimeSlot5], [TimeSlot6], [TimeSlot7], [TimeSlot8], [TimeSlot9], [TimeSlot10]) VALUES (N'832bdacb-7c15-4b42-a388-8e1e4db3a448', N'bdf0c980-6d3f-40c3-ba7e-3b6140c51c0b', 1, N'68284d3b-6504-4a6d-8158-0ed99b6ca606', N'0da5b899-ed72-49cd-b314-c59cb9dca57c', N'0da5b899-ed72-49cd-b314-c59cb9dca57c', N'7bb9df99-a54a-47db-8425-a21bab547106', N'', N'dd7d22c4-4b67-4695-918a-c5688cd857a5', N'dd7d22c4-4b67-4695-918a-c5688cd857a5', N'e3757b82-858b-4943-bfeb-045f543d0788', N'1af2c17f-a3d2-4e55-91aa-0ac361d55db3', N'1af2c17f-a3d2-4e55-91aa-0ac361d55db3')
INSERT INTO [dbo].[TimetableSubject] ([TimetableSubjectGUID], [TimetableGUID], [Day], [TimeSlot1], [TimeSlot2], [TimeSlot3], [TimeSlot4], [TimeSlot5], [TimeSlot6], [TimeSlot7], [TimeSlot8], [TimeSlot9], [TimeSlot10]) VALUES (N'68c731fe-8cf1-4272-bd93-917c158cce3e', N'ba243e9c-caf8-49f3-8087-a3fe81a46b58', 5, N'1af2c17f-a3d2-4e55-91aa-0ac361d55db3', N'1af2c17f-a3d2-4e55-91aa-0ac361d55db3', N'dd7d22c4-4b67-4695-918a-c5688cd857a5', N'dd7d22c4-4b67-4695-918a-c5688cd857a5', N'', N'7bb9df99-a54a-47db-8425-a21bab547106', N'7bb9df99-a54a-47db-8425-a21bab547106', N'7bb9df99-a54a-47db-8425-a21bab547106', N'cf9b895e-0e2b-4a6f-a975-fffd5bbcc835', N'cf9b895e-0e2b-4a6f-a975-fffd5bbcc835')
INSERT INTO [dbo].[TimetableSubject] ([TimetableSubjectGUID], [TimetableGUID], [Day], [TimeSlot1], [TimeSlot2], [TimeSlot3], [TimeSlot4], [TimeSlot5], [TimeSlot6], [TimeSlot7], [TimeSlot8], [TimeSlot9], [TimeSlot10]) VALUES (N'bbbb4c4d-b5f0-4899-9a69-94986c3f874c', N'58dd4e8c-f386-44b4-b1ed-8c1a23ba006f', 2, N'dd7d22c4-4b67-4695-918a-c5688cd857a5', N'dd7d22c4-4b67-4695-918a-c5688cd857a5', N'c2014049-a5b7-4c03-b940-8b080b6eb108', N'c2014049-a5b7-4c03-b940-8b080b6eb108', N'', N'68284d3b-6504-4a6d-8158-0ed99b6ca606', N'e3757b82-858b-4943-bfeb-045f543d0788', N'e3757b82-858b-4943-bfeb-045f543d0788', N'33df3d0f-716e-4eb9-896c-197814e263a3', N'33df3d0f-716e-4eb9-896c-197814e263a3')
INSERT INTO [dbo].[TimetableSubject] ([TimetableSubjectGUID], [TimetableGUID], [Day], [TimeSlot1], [TimeSlot2], [TimeSlot3], [TimeSlot4], [TimeSlot5], [TimeSlot6], [TimeSlot7], [TimeSlot8], [TimeSlot9], [TimeSlot10]) VALUES (N'4b269206-c567-4967-92fd-967459f1aca1', N'388dda0a-7e9d-45c7-9759-969341c6f8d3', 5, N'0da5b899-ed72-49cd-b314-c59cb9dca57c', N'0da5b899-ed72-49cd-b314-c59cb9dca57c', N'7bb9df99-a54a-47db-8425-a21bab547106', N'7bb9df99-a54a-47db-8425-a21bab547106', N'', N'dd7d22c4-4b67-4695-918a-c5688cd857a5', N'68284d3b-6504-4a6d-8158-0ed99b6ca606', N'68284d3b-6504-4a6d-8158-0ed99b6ca606', N'cf9b895e-0e2b-4a6f-a975-fffd5bbcc835', N'cf9b895e-0e2b-4a6f-a975-fffd5bbcc835')
INSERT INTO [dbo].[TimetableSubject] ([TimetableSubjectGUID], [TimetableGUID], [Day], [TimeSlot1], [TimeSlot2], [TimeSlot3], [TimeSlot4], [TimeSlot5], [TimeSlot6], [TimeSlot7], [TimeSlot8], [TimeSlot9], [TimeSlot10]) VALUES (N'a55999c6-29f3-4739-aaa6-971e393445e8', N'44521579-7d4e-42a3-b6f0-b0db087315fa', 5, N'68284d3b-6504-4a6d-8158-0ed99b6ca606', N'68284d3b-6504-4a6d-8158-0ed99b6ca606', N'dab86781-2371-4cd3-9141-d285b864cc64', N'dab86781-2371-4cd3-9141-d285b864cc64', N'', N'dd7d22c4-4b67-4695-918a-c5688cd857a5', N'e3757b82-858b-4943-bfeb-045f543d0788', N'e3757b82-858b-4943-bfeb-045f543d0788', N'cf9b895e-0e2b-4a6f-a975-fffd5bbcc835', N'cf9b895e-0e2b-4a6f-a975-fffd5bbcc835')
INSERT INTO [dbo].[TimetableSubject] ([TimetableSubjectGUID], [TimetableGUID], [Day], [TimeSlot1], [TimeSlot2], [TimeSlot3], [TimeSlot4], [TimeSlot5], [TimeSlot6], [TimeSlot7], [TimeSlot8], [TimeSlot9], [TimeSlot10]) VALUES (N'4325db84-3975-4950-ae76-9be859b6629c', N'44521579-7d4e-42a3-b6f0-b0db087315fa', 3, N'67a55427-2465-4819-817c-34662c68cc2f', N'67a55427-2465-4819-817c-34662c68cc2f', N'68284d3b-6504-4a6d-8158-0ed99b6ca606', N'68284d3b-6504-4a6d-8158-0ed99b6ca606', N'', N'e4826c38-8a4b-4829-b46e-9e55d58eaf7b', N'e4826c38-8a4b-4829-b46e-9e55d58eaf7b', N'ed3fe072-255e-4de9-9068-65dcefa277d1', N'ed3fe072-255e-4de9-9068-65dcefa277d1', N'ed3fe072-255e-4de9-9068-65dcefa277d1')
INSERT INTO [dbo].[TimetableSubject] ([TimetableSubjectGUID], [TimetableGUID], [Day], [TimeSlot1], [TimeSlot2], [TimeSlot3], [TimeSlot4], [TimeSlot5], [TimeSlot6], [TimeSlot7], [TimeSlot8], [TimeSlot9], [TimeSlot10]) VALUES (N'7e119831-98be-489c-9811-b209dbcee1f2', N'd04a3390-d553-4c11-a799-f3930b08b355', 3, N'e3757b82-858b-4943-bfeb-045f543d0788', N'dd7d22c4-4b67-4695-918a-c5688cd857a5', N'dd7d22c4-4b67-4695-918a-c5688cd857a5', N'0da5b899-ed72-49cd-b314-c59cb9dca57c', N'', N'98f68f5e-a407-4630-b448-2234f182e346', N'98f68f5e-a407-4630-b448-2234f182e346', N'1af2c17f-a3d2-4e55-91aa-0ac361d55db3', N'1af2c17f-a3d2-4e55-91aa-0ac361d55db3', N'68284d3b-6504-4a6d-8158-0ed99b6ca606')
INSERT INTO [dbo].[TimetableSubject] ([TimetableSubjectGUID], [TimetableGUID], [Day], [TimeSlot1], [TimeSlot2], [TimeSlot3], [TimeSlot4], [TimeSlot5], [TimeSlot6], [TimeSlot7], [TimeSlot8], [TimeSlot9], [TimeSlot10]) VALUES (N'862eecff-621a-441c-9d68-c27672483cd1', N'48b90e37-9fc8-480f-9c90-1cb4e55ebf6c', 3, N'dab86781-2371-4cd3-9141-d285b864cc64', N'dab86781-2371-4cd3-9141-d285b864cc64', N'ed3fe072-255e-4de9-9068-65dcefa277d1', N'ed3fe072-255e-4de9-9068-65dcefa277d1', N'', N'68284d3b-6504-4a6d-8158-0ed99b6ca606', N'68284d3b-6504-4a6d-8158-0ed99b6ca606', N'0da5b899-ed72-49cd-b314-c59cb9dca57c', N'0da5b899-ed72-49cd-b314-c59cb9dca57c', N'98f68f5e-a407-4630-b448-2234f182e346')
INSERT INTO [dbo].[TimetableSubject] ([TimetableSubjectGUID], [TimetableGUID], [Day], [TimeSlot1], [TimeSlot2], [TimeSlot3], [TimeSlot4], [TimeSlot5], [TimeSlot6], [TimeSlot7], [TimeSlot8], [TimeSlot9], [TimeSlot10]) VALUES (N'368a40fc-09cd-4521-8a25-c494167cfdaf', N'92b7b4d1-e2b4-4b7e-a4e1-ac86b765d307', 3, N'dab86781-2371-4cd3-9141-d285b864cc64', N'dab86781-2371-4cd3-9141-d285b864cc64', N'ed3fe072-255e-4de9-9068-65dcefa277d1', N'ed3fe072-255e-4de9-9068-65dcefa277d1', N'', N'68284d3b-6504-4a6d-8158-0ed99b6ca606', N'68284d3b-6504-4a6d-8158-0ed99b6ca606', N'0da5b899-ed72-49cd-b314-c59cb9dca57c', N'0da5b899-ed72-49cd-b314-c59cb9dca57c', N'98f68f5e-a407-4630-b448-2234f182e346')
INSERT INTO [dbo].[TimetableSubject] ([TimetableSubjectGUID], [TimetableGUID], [Day], [TimeSlot1], [TimeSlot2], [TimeSlot3], [TimeSlot4], [TimeSlot5], [TimeSlot6], [TimeSlot7], [TimeSlot8], [TimeSlot9], [TimeSlot10]) VALUES (N'792d9929-2d38-4225-82af-c6accef8c145', N'58dd4e8c-f386-44b4-b1ed-8c1a23ba006f', 3, N'a0879683-88d5-44e4-8a77-d5d104fd8ce9', N'a0879683-88d5-44e4-8a77-d5d104fd8ce9', N'dd7d22c4-4b67-4695-918a-c5688cd857a5', N'dd7d22c4-4b67-4695-918a-c5688cd857a5', N'', N'33df3d0f-716e-4eb9-896c-197814e263a3', N'33df3d0f-716e-4eb9-896c-197814e263a3', N'98f68f5e-a407-4630-b448-2234f182e346', N'98f68f5e-a407-4630-b448-2234f182e346', N'33df3d0f-716e-4eb9-896c-197814e263a3')
INSERT INTO [dbo].[TimetableSubject] ([TimetableSubjectGUID], [TimetableGUID], [Day], [TimeSlot1], [TimeSlot2], [TimeSlot3], [TimeSlot4], [TimeSlot5], [TimeSlot6], [TimeSlot7], [TimeSlot8], [TimeSlot9], [TimeSlot10]) VALUES (N'1e4a861b-f08c-431b-a739-ca3200b17fb2', N'48b90e37-9fc8-480f-9c90-1cb4e55ebf6c', 5, N'67a55427-2465-4819-817c-34662c68cc2f', N'67a55427-2465-4819-817c-34662c68cc2f', N'e4826c38-8a4b-4829-b46e-9e55d58eaf7b', N'e4826c38-8a4b-4829-b46e-9e55d58eaf7b', N'', N'ed3fe072-255e-4de9-9068-65dcefa277d1', N'dab86781-2371-4cd3-9141-d285b864cc64', N'dab86781-2371-4cd3-9141-d285b864cc64', N'cf9b895e-0e2b-4a6f-a975-fffd5bbcc835', N'cf9b895e-0e2b-4a6f-a975-fffd5bbcc835')
INSERT INTO [dbo].[TimetableSubject] ([TimetableSubjectGUID], [TimetableGUID], [Day], [TimeSlot1], [TimeSlot2], [TimeSlot3], [TimeSlot4], [TimeSlot5], [TimeSlot6], [TimeSlot7], [TimeSlot8], [TimeSlot9], [TimeSlot10]) VALUES (N'118dc12a-74d8-484b-8196-cf1b56544dd7', N'bdf0c980-6d3f-40c3-ba7e-3b6140c51c0b', 4, N'68284d3b-6504-4a6d-8158-0ed99b6ca606', N'68284d3b-6504-4a6d-8158-0ed99b6ca606', N'e4826c38-8a4b-4829-b46e-9e55d58eaf7b', N'e4826c38-8a4b-4829-b46e-9e55d58eaf7b', N'', N'98f68f5e-a407-4630-b448-2234f182e346', N'98f68f5e-a407-4630-b448-2234f182e346', N'0da5b899-ed72-49cd-b314-c59cb9dca57c', N'e3757b82-858b-4943-bfeb-045f543d0788', N'e3757b82-858b-4943-bfeb-045f543d0788')
INSERT INTO [dbo].[TimetableSubject] ([TimetableSubjectGUID], [TimetableGUID], [Day], [TimeSlot1], [TimeSlot2], [TimeSlot3], [TimeSlot4], [TimeSlot5], [TimeSlot6], [TimeSlot7], [TimeSlot8], [TimeSlot9], [TimeSlot10]) VALUES (N'9540b3ed-45dd-44a9-9e05-d4c6ca22c655', N'e75fe9a3-3cba-4a48-841f-df283b99b8cf', 4, N'67a55427-2465-4819-817c-34662c68cc2f', N'67a55427-2465-4819-817c-34662c68cc2f', N'c2014049-a5b7-4c03-b940-8b080b6eb108', N'c2014049-a5b7-4c03-b940-8b080b6eb108', N'', N'dab86781-2371-4cd3-9141-d285b864cc64', N'dab86781-2371-4cd3-9141-d285b864cc64', N'e3757b82-858b-4943-bfeb-045f543d0788', N'e3757b82-858b-4943-bfeb-045f543d0788', N'68284d3b-6504-4a6d-8158-0ed99b6ca606')
INSERT INTO [dbo].[TimetableSubject] ([TimetableSubjectGUID], [TimetableGUID], [Day], [TimeSlot1], [TimeSlot2], [TimeSlot3], [TimeSlot4], [TimeSlot5], [TimeSlot6], [TimeSlot7], [TimeSlot8], [TimeSlot9], [TimeSlot10]) VALUES (N'873edaf4-8473-461e-9143-d6d271eae315', N'ba243e9c-caf8-49f3-8087-a3fe81a46b58', 4, N'74672bd7-da45-43e7-9d20-a8197855526a', N'74672bd7-da45-43e7-9d20-a8197855526a', N'e3757b82-858b-4943-bfeb-045f543d0788', N'e3757b82-858b-4943-bfeb-045f543d0788', N'', N'1af2c17f-a3d2-4e55-91aa-0ac361d55db3', N'0da5b899-ed72-49cd-b314-c59cb9dca57c', N'0da5b899-ed72-49cd-b314-c59cb9dca57c', N'e4826c38-8a4b-4829-b46e-9e55d58eaf7b', N'e4826c38-8a4b-4829-b46e-9e55d58eaf7b')
INSERT INTO [dbo].[TimetableSubject] ([TimetableSubjectGUID], [TimetableGUID], [Day], [TimeSlot1], [TimeSlot2], [TimeSlot3], [TimeSlot4], [TimeSlot5], [TimeSlot6], [TimeSlot7], [TimeSlot8], [TimeSlot9], [TimeSlot10]) VALUES (N'00619d6e-4fff-4f98-b70a-da77af376d42', N'48b90e37-9fc8-480f-9c90-1cb4e55ebf6c', 1, N'e3757b82-858b-4943-bfeb-045f543d0788', N'e3757b82-858b-4943-bfeb-045f543d0788', N'dd7d22c4-4b67-4695-918a-c5688cd857a5', N'dd7d22c4-4b67-4695-918a-c5688cd857a5', N'', N'67a55427-2465-4819-817c-34662c68cc2f', N'e4826c38-8a4b-4829-b46e-9e55d58eaf7b', N'0da5b899-ed72-49cd-b314-c59cb9dca57c', N'e33795fb-1e15-483e-a551-93d195ad10ef', N'68284d3b-6504-4a6d-8158-0ed99b6ca606')
INSERT INTO [dbo].[TimetableSubject] ([TimetableSubjectGUID], [TimetableGUID], [Day], [TimeSlot1], [TimeSlot2], [TimeSlot3], [TimeSlot4], [TimeSlot5], [TimeSlot6], [TimeSlot7], [TimeSlot8], [TimeSlot9], [TimeSlot10]) VALUES (N'a3e54a81-ba10-406d-a662-dffee03c0bd5', N'58dd4e8c-f386-44b4-b1ed-8c1a23ba006f', 1, N'dab86781-2371-4cd3-9141-d285b864cc64', N'dab86781-2371-4cd3-9141-d285b864cc64', N'a0879683-88d5-44e4-8a77-d5d104fd8ce9', N'a0879683-88d5-44e4-8a77-d5d104fd8ce9', N'', N'c2014049-a5b7-4c03-b940-8b080b6eb108', N'67a55427-2465-4819-817c-34662c68cc2f', N'67a55427-2465-4819-817c-34662c68cc2f', N'e3757b82-858b-4943-bfeb-045f543d0788', N'e3757b82-858b-4943-bfeb-045f543d0788')
INSERT INTO [dbo].[TimetableSubject] ([TimetableSubjectGUID], [TimetableGUID], [Day], [TimeSlot1], [TimeSlot2], [TimeSlot3], [TimeSlot4], [TimeSlot5], [TimeSlot6], [TimeSlot7], [TimeSlot8], [TimeSlot9], [TimeSlot10]) VALUES (N'931e43b1-d329-47c7-b7d3-e4b88b02d3f9', N'7ab1c409-38a9-4348-9793-a639136b0e3a', 2, N'7bb9df99-a54a-47db-8425-a21bab547106', N'67a55427-2465-4819-817c-34662c68cc2f', N'e3757b82-858b-4943-bfeb-045f543d0788', N'e3757b82-858b-4943-bfeb-045f543d0788', N'', N'98f68f5e-a407-4630-b448-2234f182e346', N'67a55427-2465-4819-817c-34662c68cc2f', N'67a55427-2465-4819-817c-34662c68cc2f', N'7bb9df99-a54a-47db-8425-a21bab547106', N'7bb9df99-a54a-47db-8425-a21bab547106')
INSERT INTO [dbo].[TimetableSubject] ([TimetableSubjectGUID], [TimetableGUID], [Day], [TimeSlot1], [TimeSlot2], [TimeSlot3], [TimeSlot4], [TimeSlot5], [TimeSlot6], [TimeSlot7], [TimeSlot8], [TimeSlot9], [TimeSlot10]) VALUES (N'14b996e7-f820-48eb-b3c1-e831b6890562', N'44521579-7d4e-42a3-b6f0-b0db087315fa', 2, N'0da5b899-ed72-49cd-b314-c59cb9dca57c', N'0da5b899-ed72-49cd-b314-c59cb9dca57c', N'dd7d22c4-4b67-4695-918a-c5688cd857a5', N'dd7d22c4-4b67-4695-918a-c5688cd857a5', N'', N'e33795fb-1e15-483e-a551-93d195ad10ef', N'dab86781-2371-4cd3-9141-d285b864cc64', N'dab86781-2371-4cd3-9141-d285b864cc64', N'dab86781-2371-4cd3-9141-d285b864cc64', N'e3757b82-858b-4943-bfeb-045f543d0788')
INSERT INTO [dbo].[TimetableSubject] ([TimetableSubjectGUID], [TimetableGUID], [Day], [TimeSlot1], [TimeSlot2], [TimeSlot3], [TimeSlot4], [TimeSlot5], [TimeSlot6], [TimeSlot7], [TimeSlot8], [TimeSlot9], [TimeSlot10]) VALUES (N'a144cfe1-2c16-468f-969c-e8f21510a2ef', N'e75fe9a3-3cba-4a48-841f-df283b99b8cf', 3, N'dd7d22c4-4b67-4695-918a-c5688cd857a5', N'dd7d22c4-4b67-4695-918a-c5688cd857a5', N'e4826c38-8a4b-4829-b46e-9e55d58eaf7b', N'e4826c38-8a4b-4829-b46e-9e55d58eaf7b', N'', N'33df3d0f-716e-4eb9-896c-197814e263a3', N'33df3d0f-716e-4eb9-896c-197814e263a3', N'68284d3b-6504-4a6d-8158-0ed99b6ca606', N'68284d3b-6504-4a6d-8158-0ed99b6ca606', N'98f68f5e-a407-4630-b448-2234f182e346')
INSERT INTO [dbo].[TimetableSubject] ([TimetableSubjectGUID], [TimetableGUID], [Day], [TimeSlot1], [TimeSlot2], [TimeSlot3], [TimeSlot4], [TimeSlot5], [TimeSlot6], [TimeSlot7], [TimeSlot8], [TimeSlot9], [TimeSlot10]) VALUES (N'2a2bc396-7ee8-440c-bca2-e907d9c86f11', N'ba243e9c-caf8-49f3-8087-a3fe81a46b58', 3, N'68284d3b-6504-4a6d-8158-0ed99b6ca606', N'68284d3b-6504-4a6d-8158-0ed99b6ca606', N'1af2c17f-a3d2-4e55-91aa-0ac361d55db3', N'1af2c17f-a3d2-4e55-91aa-0ac361d55db3', N'', N'74672bd7-da45-43e7-9d20-a8197855526a', N'98f68f5e-a407-4630-b448-2234f182e346', N'98f68f5e-a407-4630-b448-2234f182e346', N'0da5b899-ed72-49cd-b314-c59cb9dca57c', N'0da5b899-ed72-49cd-b314-c59cb9dca57c')
INSERT INTO [dbo].[TimetableSubject] ([TimetableSubjectGUID], [TimetableGUID], [Day], [TimeSlot1], [TimeSlot2], [TimeSlot3], [TimeSlot4], [TimeSlot5], [TimeSlot6], [TimeSlot7], [TimeSlot8], [TimeSlot9], [TimeSlot10]) VALUES (N'dceca397-be26-460e-a195-ed35c16373d1', N'388dda0a-7e9d-45c7-9759-969341c6f8d3', 3, N'7bb9df99-a54a-47db-8425-a21bab547106', N'7bb9df99-a54a-47db-8425-a21bab547106', N'98f68f5e-a407-4630-b448-2234f182e346', N'98f68f5e-a407-4630-b448-2234f182e346', N'', N'68284d3b-6504-4a6d-8158-0ed99b6ca606', N'74672bd7-da45-43e7-9d20-a8197855526a', N'e3757b82-858b-4943-bfeb-045f543d0788', N'1af2c17f-a3d2-4e55-91aa-0ac361d55db3', N'e4826c38-8a4b-4829-b46e-9e55d58eaf7b')
INSERT INTO [dbo].[TimetableSubject] ([TimetableSubjectGUID], [TimetableGUID], [Day], [TimeSlot1], [TimeSlot2], [TimeSlot3], [TimeSlot4], [TimeSlot5], [TimeSlot6], [TimeSlot7], [TimeSlot8], [TimeSlot9], [TimeSlot10]) VALUES (N'22127f5f-ed7e-4e98-9310-f51ef5a80ce0', N'e75fe9a3-3cba-4a48-841f-df283b99b8cf', 5, N'c2014049-a5b7-4c03-b940-8b080b6eb108', N'c2014049-a5b7-4c03-b940-8b080b6eb108', N'dd7d22c4-4b67-4695-918a-c5688cd857a5', N'dd7d22c4-4b67-4695-918a-c5688cd857a5', N'', N'98f68f5e-a407-4630-b448-2234f182e346', N'e4826c38-8a4b-4829-b46e-9e55d58eaf7b', N'67a55427-2465-4819-817c-34662c68cc2f', N'cf9b895e-0e2b-4a6f-a975-fffd5bbcc835', N'cf9b895e-0e2b-4a6f-a975-fffd5bbcc835')
INSERT INTO [dbo].[TimetableSubject] ([TimetableSubjectGUID], [TimetableGUID], [Day], [TimeSlot1], [TimeSlot2], [TimeSlot3], [TimeSlot4], [TimeSlot5], [TimeSlot6], [TimeSlot7], [TimeSlot8], [TimeSlot9], [TimeSlot10]) VALUES (N'bc1a6401-c3f3-4897-b4f5-f985f86e882e', N'388dda0a-7e9d-45c7-9759-969341c6f8d3', 2, N'dd7d22c4-4b67-4695-918a-c5688cd857a5', N'dd7d22c4-4b67-4695-918a-c5688cd857a5', N'74672bd7-da45-43e7-9d20-a8197855526a', N'74672bd7-da45-43e7-9d20-a8197855526a', N'', N'e3757b82-858b-4943-bfeb-045f543d0788', N'e3757b82-858b-4943-bfeb-045f543d0788', N'0da5b899-ed72-49cd-b314-c59cb9dca57c', N'0da5b899-ed72-49cd-b314-c59cb9dca57c', N'7bb9df99-a54a-47db-8425-a21bab547106')
INSERT INTO [dbo].[TimetableSubject] ([TimetableSubjectGUID], [TimetableGUID], [Day], [TimeSlot1], [TimeSlot2], [TimeSlot3], [TimeSlot4], [TimeSlot5], [TimeSlot6], [TimeSlot7], [TimeSlot8], [TimeSlot9], [TimeSlot10]) VALUES (N'09abeaab-0053-4933-94ec-fbaa897cb3ff', N'bdf0c980-6d3f-40c3-ba7e-3b6140c51c0b', 5, N'74672bd7-da45-43e7-9d20-a8197855526a', N'74672bd7-da45-43e7-9d20-a8197855526a', N'68284d3b-6504-4a6d-8158-0ed99b6ca606', N'68284d3b-6504-4a6d-8158-0ed99b6ca606', N'', N'e4826c38-8a4b-4829-b46e-9e55d58eaf7b', N'67a55427-2465-4819-817c-34662c68cc2f', N'98f68f5e-a407-4630-b448-2234f182e346', N'cf9b895e-0e2b-4a6f-a975-fffd5bbcc835', N'cf9b895e-0e2b-4a6f-a975-fffd5bbcc835')


INSERT INTO [dbo].[Classroom] ([ClassroomGUID], [Class], [CreateDate], [LastUpdateDate], [TimetableGUID]) VALUES (N'2fb70337-308e-4fff-88b8-0da7ed93b056', N'5 IRON', N'2021-10-23 21:34:36', N'2021-10-23 21:34:36', N'92b7b4d1-e2b4-4b7e-a4e1-ac86b765d307')
INSERT INTO [dbo].[Classroom] ([ClassroomGUID], [Class], [CreateDate], [LastUpdateDate], [TimetableGUID]) VALUES (N'e15840c5-11ca-424f-a0fe-140a77a37577', N'5 GOLD', N'2021-10-23 21:34:36', N'2021-10-23 21:34:36', N'e75fe9a3-3cba-4a48-841f-df283b99b8cf')
INSERT INTO [dbo].[Classroom] ([ClassroomGUID], [Class], [CreateDate], [LastUpdateDate], [TimetableGUID]) VALUES (N'a8ef76d3-10c4-43d5-bfc0-4d5c0b976caf', N'2 GOLD', N'2021-10-23 21:34:36', N'2021-10-23 21:34:36', N'bdf0c980-6d3f-40c3-ba7e-3b6140c51c0b')
INSERT INTO [dbo].[Classroom] ([ClassroomGUID], [Class], [CreateDate], [LastUpdateDate], [TimetableGUID]) VALUES (N'2d6f7e36-2653-43d5-9999-6b10b54d6a08', N'1 GOLD', N'2021-10-23 21:34:36', N'2021-10-23 21:34:36', N'd04a3390-d553-4c11-a799-f3930b08b355')
INSERT INTO [dbo].[Classroom] ([ClassroomGUID], [Class], [CreateDate], [LastUpdateDate], [TimetableGUID]) VALUES (N'bac4cb27-4e5d-43b4-960c-8bd116dbec87', N'1 IRON', N'2021-10-23 21:34:36', N'2021-10-23 21:34:36', N'ba243e9c-caf8-49f3-8087-a3fe81a46b58')
INSERT INTO [dbo].[Classroom] ([ClassroomGUID], [Class], [CreateDate], [LastUpdateDate], [TimetableGUID]) VALUES (N'4dda573d-7651-4705-bafc-93f99f24bf8a', N'4 IRON', N'2021-10-23 21:34:36', N'2021-10-23 21:34:36', N'44521579-7d4e-42a3-b6f0-b0db087315fa')
INSERT INTO [dbo].[Classroom] ([ClassroomGUID], [Class], [CreateDate], [LastUpdateDate], [TimetableGUID]) VALUES (N'4e9a26ee-cb91-4650-8d1c-b2156970bafb', N'3 GOLD', N'2021-10-23 21:34:36', N'2021-10-23 21:34:36', N'96d2d905-744b-40fc-9dcb-77ad69b6d326')
INSERT INTO [dbo].[Classroom] ([ClassroomGUID], [Class], [CreateDate], [LastUpdateDate], [TimetableGUID]) VALUES (N'3ef6e7a9-5169-443e-902e-bc8017eb9f33', N'3 IRON', N'2021-10-23 21:34:36', N'2021-10-23 21:34:36', N'7ab1c409-38a9-4348-9793-a639136b0e3a')
INSERT INTO [dbo].[Classroom] ([ClassroomGUID], [Class], [CreateDate], [LastUpdateDate], [TimetableGUID]) VALUES (N'9e41551e-c3a6-4d0e-92db-dfc326b5a34e', N'2 IRON', N'2021-10-23 21:34:36', N'2021-10-23 21:34:36', N'388dda0a-7e9d-45c7-9759-969341c6f8d3')
INSERT INTO [dbo].[Classroom] ([ClassroomGUID], [Class], [CreateDate], [LastUpdateDate], [TimetableGUID]) VALUES (N'9453548b-f6a8-40af-87e8-fa9c5c0e553a', N'4 GOLD', N'2021-10-23 21:34:36', N'2021-10-23 21:34:36', N'58dd4e8c-f386-44b4-b1ed-8c1a23ba006f')


INSERT INTO [dbo].[Parent] ([ParentGUID], [ParentUserID], [Password], [FullName], [Status], [CreateDate ], [ICNo]) VALUES (N'61e1236d-1e92-4c6d-a68c-11c6aa8a4a92', N'P1045', N'pojZ9nX5yNS4CWglJ+xm8QsfdByCIsa4ppKY4NS48Fo=', N'Iago Dibbin', N'Active', N'2021-10-14 18:22:01', N'560681196147')
INSERT INTO [dbo].[Parent] ([ParentGUID], [ParentUserID], [Password], [FullName], [Status], [CreateDate ], [ICNo]) VALUES (N'24376f8d-aef9-4d0c-acaf-16365efe5cc4', N'P1054', N'pojZ9nX5yNS4CWglJ+xm8QsfdByCIsa4ppKY4NS48Fo=', N'Felix Plowell', N'Active', N'2021-10-14 18:22:01', N'270184528558')
INSERT INTO [dbo].[Parent] ([ParentGUID], [ParentUserID], [Password], [FullName], [Status], [CreateDate ], [ICNo]) VALUES (N'7589a122-9cf5-423c-a768-1817884061b6', N'P1016', N'pojZ9nX5yNS4CWglJ+xm8QsfdByCIsa4ppKY4NS48Fo=', N'Alaric Grinvalds', N'Active', N'2021-10-14 18:22:01', N'340704357560')
INSERT INTO [dbo].[Parent] ([ParentGUID], [ParentUserID], [Password], [FullName], [Status], [CreateDate ], [ICNo]) VALUES (N'e70876f2-7c36-44cd-bbc4-189ac03c77b0', N'P1048', N'pojZ9nX5yNS4CWglJ+xm8QsfdByCIsa4ppKY4NS48Fo=', N'Merwin Parffrey', N'Active', N'2021-10-14 18:22:01', N'197685646344')
INSERT INTO [dbo].[Parent] ([ParentGUID], [ParentUserID], [Password], [FullName], [Status], [CreateDate ], [ICNo]) VALUES (N'ed6a5abc-7c86-4836-9b2c-26a202eb7579', N'P1033', N'pojZ9nX5yNS4CWglJ+xm8QsfdByCIsa4ppKY4NS48Fo=', N'Cris Telezhkin', N'Active', N'2021-10-14 18:22:01', N'865104506950')
INSERT INTO [dbo].[Parent] ([ParentGUID], [ParentUserID], [Password], [FullName], [Status], [CreateDate ], [ICNo]) VALUES (N'f67b052c-1fba-4482-9e2e-2a25118dbebc', N'P1047', N'pojZ9nX5yNS4CWglJ+xm8QsfdByCIsa4ppKY4NS48Fo=', N'Jeno Cato', N'Active', N'2021-10-14 18:22:01', N'225731642690')
INSERT INTO [dbo].[Parent] ([ParentGUID], [ParentUserID], [Password], [FullName], [Status], [CreateDate ], [ICNo]) VALUES (N'b6dad238-336a-4893-87e0-2b01089ab377', N'P1006', N'pojZ9nX5yNS4CWglJ+xm8QsfdByCIsa4ppKY4NS48Fo=', N'Esma Bramble', N'Active', N'2021-10-14 18:22:02', N'118256795463')
INSERT INTO [dbo].[Parent] ([ParentGUID], [ParentUserID], [Password], [FullName], [Status], [CreateDate ], [ICNo]) VALUES (N'f5503e79-e1a1-408c-aadf-2c7b71ec3126', N'P1030', N'pojZ9nX5yNS4CWglJ+xm8QsfdByCIsa4ppKY4NS48Fo=', N'Jasper Longmate', N'Active', N'2021-10-14 18:22:01', N'417324644834')
INSERT INTO [dbo].[Parent] ([ParentGUID], [ParentUserID], [Password], [FullName], [Status], [CreateDate ], [ICNo]) VALUES (N'7a9e00e1-69ee-4538-b577-31ff9ac1d7ee', N'P1021', N'pojZ9nX5yNS4CWglJ+xm8QsfdByCIsa4ppKY4NS48Fo=', N'Sergio Trever', N'Active', N'2021-10-14 18:22:01', N'852366429986')
INSERT INTO [dbo].[Parent] ([ParentGUID], [ParentUserID], [Password], [FullName], [Status], [CreateDate ], [ICNo]) VALUES (N'758878f7-7384-4c37-9f9f-32b690c905d1', N'P1015', N'pojZ9nX5yNS4CWglJ+xm8QsfdByCIsa4ppKY4NS48Fo=', N'Alphonse Rooksby', N'Active', N'2021-10-14 18:22:01', N'68881766005 ')
INSERT INTO [dbo].[Parent] ([ParentGUID], [ParentUserID], [Password], [FullName], [Status], [CreateDate ], [ICNo]) VALUES (N'469984af-8e5a-4bca-850a-352eb3ec5985', N'P1032', N'pojZ9nX5yNS4CWglJ+xm8QsfdByCIsa4ppKY4NS48Fo=', N'Brit Ord', N'Active', N'2021-10-14 18:22:01', N'436611005323')
INSERT INTO [dbo].[Parent] ([ParentGUID], [ParentUserID], [Password], [FullName], [Status], [CreateDate ], [ICNo]) VALUES (N'5cc13eb1-45d5-41f5-9dd5-36bc62a7a33c', N'P1058', N'pojZ9nX5yNS4CWglJ+xm8QsfdByCIsa4ppKY4NS48Fo=', N'Greer Gerardeaux', N'Active', N'2021-10-14 18:22:01', N'619321168402')
INSERT INTO [dbo].[Parent] ([ParentGUID], [ParentUserID], [Password], [FullName], [Status], [CreateDate ], [ICNo]) VALUES (N'90fca728-3f31-44fe-93ba-3b0818eecf9d', N'P1049', N'pojZ9nX5yNS4CWglJ+xm8QsfdByCIsa4ppKY4NS48Fo=', N'Jania Wloch', N'Active', N'2021-10-14 18:22:01', N'417594406858')
INSERT INTO [dbo].[Parent] ([ParentGUID], [ParentUserID], [Password], [FullName], [Status], [CreateDate ], [ICNo]) VALUES (N'a957e556-e0bb-40f9-a215-402f1a7306aa', N'P1009', N'pojZ9nX5yNS4CWglJ+xm8QsfdByCIsa4ppKY4NS48Fo=', N'Faun Pasfield', N'Active', N'2021-10-14 18:22:01', N'112665483207')
INSERT INTO [dbo].[Parent] ([ParentGUID], [ParentUserID], [Password], [FullName], [Status], [CreateDate ], [ICNo]) VALUES (N'a75d2046-d990-4ece-b3ef-41c56453e18d', N'P1012', N'pojZ9nX5yNS4CWglJ+xm8QsfdByCIsa4ppKY4NS48Fo=', N'Diana Ravillas', N'Active', N'2021-10-14 18:22:01', N'282511430360')
INSERT INTO [dbo].[Parent] ([ParentGUID], [ParentUserID], [Password], [FullName], [Status], [CreateDate ], [ICNo]) VALUES (N'9169b495-ab39-4464-bad0-44a5fb824de7', N'P1043', N'pojZ9nX5yNS4CWglJ+xm8QsfdByCIsa4ppKY4NS48Fo=', N'Maddy McPeice', N'Active', N'2021-10-14 18:22:01', N'595824531478')
INSERT INTO [dbo].[Parent] ([ParentGUID], [ParentUserID], [Password], [FullName], [Status], [CreateDate ], [ICNo]) VALUES (N'a4c142db-dfb6-4048-9562-5683acf04492', N'P1018', N'pojZ9nX5yNS4CWglJ+xm8QsfdByCIsa4ppKY4NS48Fo=', N'Killy Note', N'Active', N'2021-10-14 18:22:01', N'922903447505')
INSERT INTO [dbo].[Parent] ([ParentGUID], [ParentUserID], [Password], [FullName], [Status], [CreateDate ], [ICNo]) VALUES (N'c6e29a4e-228b-4de8-811b-57c7b720cee8', N'P1002', N'pojZ9nX5yNS4CWglJ+xm8QsfdByCIsa4ppKY4NS48Fo=', N'Dave Coolson', N'Active', N'2021-10-14 18:22:02', N'796477131546')
INSERT INTO [dbo].[Parent] ([ParentGUID], [ParentUserID], [Password], [FullName], [Status], [CreateDate ], [ICNo]) VALUES (N'ca54d181-4163-46be-ae7e-61bba459e22d', N'P1024', N'pojZ9nX5yNS4CWglJ+xm8QsfdByCIsa4ppKY4NS48Fo=', N'Andreana Farbrother', N'Active', N'2021-10-14 18:22:01', N'97307703218 ')
INSERT INTO [dbo].[Parent] ([ParentGUID], [ParentUserID], [Password], [FullName], [Status], [CreateDate ], [ICNo]) VALUES (N'22b83373-bd77-459a-8449-64d2fbe4d06b', N'P1027', N'pojZ9nX5yNS4CWglJ+xm8QsfdByCIsa4ppKY4NS48Fo=', N'Hendrick Ranyell', N'Active', N'2021-10-14 18:22:01', N'910688537516')
INSERT INTO [dbo].[Parent] ([ParentGUID], [ParentUserID], [Password], [FullName], [Status], [CreateDate ], [ICNo]) VALUES (N'c9a65b9f-4e84-4b93-8a09-68d33e5e45c2', N'P1051', N'pojZ9nX5yNS4CWglJ+xm8QsfdByCIsa4ppKY4NS48Fo=', N'Joachim Ridings', N'Active', N'2021-10-14 18:22:01', N'238849532419')
INSERT INTO [dbo].[Parent] ([ParentGUID], [ParentUserID], [Password], [FullName], [Status], [CreateDate ], [ICNo]) VALUES (N'52345964-636b-4e25-9dcd-6c8062239c59', N'P1004', N'pojZ9nX5yNS4CWglJ+xm8QsfdByCIsa4ppKY4NS48Fo=', N'Gwynne McGinly', N'Active', N'2021-10-14 18:22:02', N'134432674451')
INSERT INTO [dbo].[Parent] ([ParentGUID], [ParentUserID], [Password], [FullName], [Status], [CreateDate ], [ICNo]) VALUES (N'41fa40c5-a6fa-4a45-8e34-6ea677332ab9', N'P1017', N'pojZ9nX5yNS4CWglJ+xm8QsfdByCIsa4ppKY4NS48Fo=', N'Aaren Blakely', N'Active', N'2021-10-14 18:22:01', N'73170815434 ')
INSERT INTO [dbo].[Parent] ([ParentGUID], [ParentUserID], [Password], [FullName], [Status], [CreateDate ], [ICNo]) VALUES (N'af407685-8477-47d7-914d-762188c5e4b8', N'P1060', N'pojZ9nX5yNS4CWglJ+xm8QsfdByCIsa4ppKY4NS48Fo=', N'Elsa Heggs', N'Active', N'2021-10-14 18:22:01', N'207004818809')
INSERT INTO [dbo].[Parent] ([ParentGUID], [ParentUserID], [Password], [FullName], [Status], [CreateDate ], [ICNo]) VALUES (N'008eb9ca-9258-49b8-8e7f-766324cf7324', N'P1010', N'pojZ9nX5yNS4CWglJ+xm8QsfdByCIsa4ppKY4NS48Fo=', N'Pate McDonell', N'Active', N'2021-10-14 18:22:01', N'902555081620')
INSERT INTO [dbo].[Parent] ([ParentGUID], [ParentUserID], [Password], [FullName], [Status], [CreateDate ], [ICNo]) VALUES (N'a0e0bcb6-01a4-4d65-a41a-7f1f469c3a87', N'P1011', N'pojZ9nX5yNS4CWglJ+xm8QsfdByCIsa4ppKY4NS48Fo=', N'Alvy Paulsen', N'Active', N'2021-10-14 18:22:01', N'435409232842')
INSERT INTO [dbo].[Parent] ([ParentGUID], [ParentUserID], [Password], [FullName], [Status], [CreateDate ], [ICNo]) VALUES (N'7006e2c2-05aa-4d39-bd90-83ca696d34c6', N'P1038', N'pojZ9nX5yNS4CWglJ+xm8QsfdByCIsa4ppKY4NS48Fo=', N'Rodney Mellows', N'Active', N'2021-10-14 18:22:01', N'25168161764 ')
INSERT INTO [dbo].[Parent] ([ParentGUID], [ParentUserID], [Password], [FullName], [Status], [CreateDate ], [ICNo]) VALUES (N'40fe642f-f934-4326-8940-896c36081a08', N'P1014', N'pojZ9nX5yNS4CWglJ+xm8QsfdByCIsa4ppKY4NS48Fo=', N'Sayre Chadwin', N'Active', N'2021-10-14 18:22:01', N'197421847047')
INSERT INTO [dbo].[Parent] ([ParentGUID], [ParentUserID], [Password], [FullName], [Status], [CreateDate ], [ICNo]) VALUES (N'3d02414e-f5ac-4197-bca9-8e28cc5b7897', N'P1031', N'pojZ9nX5yNS4CWglJ+xm8QsfdByCIsa4ppKY4NS48Fo=', N'Davita Walklot', N'Active', N'2021-10-14 18:22:01', N'496978459573')
INSERT INTO [dbo].[Parent] ([ParentGUID], [ParentUserID], [Password], [FullName], [Status], [CreateDate ], [ICNo]) VALUES (N'd1328012-e5e9-455d-ae5e-8fe4e97b9ed2', N'P1028', N'pojZ9nX5yNS4CWglJ+xm8QsfdByCIsa4ppKY4NS48Fo=', N'Doyle Feragh', N'Active', N'2021-10-14 18:22:01', N'978073724726')
INSERT INTO [dbo].[Parent] ([ParentGUID], [ParentUserID], [Password], [FullName], [Status], [CreateDate ], [ICNo]) VALUES (N'bc1a9edf-2f73-404f-81fd-939d01590ebf', N'P1019', N'pojZ9nX5yNS4CWglJ+xm8QsfdByCIsa4ppKY4NS48Fo=', N'Virgil Fossitt', N'Active', N'2021-10-14 18:22:01', N'483544282110')
INSERT INTO [dbo].[Parent] ([ParentGUID], [ParentUserID], [Password], [FullName], [Status], [CreateDate ], [ICNo]) VALUES (N'd8b71f08-7fe0-489d-af90-95ede08672f5', N'P1050', N'pojZ9nX5yNS4CWglJ+xm8QsfdByCIsa4ppKY4NS48Fo=', N'Drusi Hambly', N'Active', N'2021-10-14 18:22:01', N'174018974565')
INSERT INTO [dbo].[Parent] ([ParentGUID], [ParentUserID], [Password], [FullName], [Status], [CreateDate ], [ICNo]) VALUES (N'bbae9b3b-519c-4ab7-97d2-9a42098d81ba', N'P1029', N'pojZ9nX5yNS4CWglJ+xm8QsfdByCIsa4ppKY4NS48Fo=', N'Valery Covell', N'Active', N'2021-10-14 18:22:01', N'41546722544 ')
INSERT INTO [dbo].[Parent] ([ParentGUID], [ParentUserID], [Password], [FullName], [Status], [CreateDate ], [ICNo]) VALUES (N'94c97fa7-40e5-4993-8a9e-9adea31e4a00', N'P1053', N'pojZ9nX5yNS4CWglJ+xm8QsfdByCIsa4ppKY4NS48Fo=', N'Janaya Job', N'Active', N'2021-10-14 18:22:01', N'174682740090')
INSERT INTO [dbo].[Parent] ([ParentGUID], [ParentUserID], [Password], [FullName], [Status], [CreateDate ], [ICNo]) VALUES (N'07f015d9-6149-4a1e-8f82-9cc45fdbd446', N'P1044', N'pojZ9nX5yNS4CWglJ+xm8QsfdByCIsa4ppKY4NS48Fo=', N'Kathryn Caddan', N'Active', N'2021-10-14 18:22:01', N'755503221651')
INSERT INTO [dbo].[Parent] ([ParentGUID], [ParentUserID], [Password], [FullName], [Status], [CreateDate ], [ICNo]) VALUES (N'0575c6d5-ed92-4e71-9241-9d1780367720', N'P1040', N'pojZ9nX5yNS4CWglJ+xm8QsfdByCIsa4ppKY4NS48Fo=', N'Tonie Aleksankin', N'Active', N'2021-10-14 18:22:01', N'126695888253')
INSERT INTO [dbo].[Parent] ([ParentGUID], [ParentUserID], [Password], [FullName], [Status], [CreateDate ], [ICNo]) VALUES (N'd559e10e-9910-4953-a7f0-9d4d2f653270', N'P1036', N'pojZ9nX5yNS4CWglJ+xm8QsfdByCIsa4ppKY4NS48Fo=', N'Olia Maryon', N'Active', N'2021-10-14 18:22:01', N'192376315922')
INSERT INTO [dbo].[Parent] ([ParentGUID], [ParentUserID], [Password], [FullName], [Status], [CreateDate ], [ICNo]) VALUES (N'4fc734e1-caba-46c5-92f8-a0016902dd99', N'P1025', N'pojZ9nX5yNS4CWglJ+xm8QsfdByCIsa4ppKY4NS48Fo=', N'Jenilee Simonaitis', N'Active', N'2021-10-14 18:22:01', N'160234165120')
INSERT INTO [dbo].[Parent] ([ParentGUID], [ParentUserID], [Password], [FullName], [Status], [CreateDate ], [ICNo]) VALUES (N'9383135b-5864-47a7-be21-a292c499388e', N'P1037', N'pojZ9nX5yNS4CWglJ+xm8QsfdByCIsa4ppKY4NS48Fo=', N'Dwight Crapper', N'Active', N'2021-10-14 18:22:01', N'393512885444')
INSERT INTO [dbo].[Parent] ([ParentGUID], [ParentUserID], [Password], [FullName], [Status], [CreateDate ], [ICNo]) VALUES (N'755b04dc-95cf-4c47-953e-a730506834a1', N'P1003', N'pojZ9nX5yNS4CWglJ+xm8QsfdByCIsa4ppKY4NS48Fo=', N'Elonore Enright', N'Active', N'2021-10-14 18:22:02', N'705506992490')
INSERT INTO [dbo].[Parent] ([ParentGUID], [ParentUserID], [Password], [FullName], [Status], [CreateDate ], [ICNo]) VALUES (N'0a5435a0-936f-4139-afe5-a7c90579259a', N'P1057', N'pojZ9nX5yNS4CWglJ+xm8QsfdByCIsa4ppKY4NS48Fo=', N'Keefe Beckerleg', N'Active', N'2021-10-14 18:22:01', N'754751762725')
INSERT INTO [dbo].[Parent] ([ParentGUID], [ParentUserID], [Password], [FullName], [Status], [CreateDate ], [ICNo]) VALUES (N'8d774bac-720f-4443-b8b5-aa4b39c90671', N'P1022', N'pojZ9nX5yNS4CWglJ+xm8QsfdByCIsa4ppKY4NS48Fo=', N'Caz Shoosmith', N'Active', N'2021-10-14 18:22:01', N'488853318873')
INSERT INTO [dbo].[Parent] ([ParentGUID], [ParentUserID], [Password], [FullName], [Status], [CreateDate ], [ICNo]) VALUES (N'10b14217-f9e8-44ad-94ab-afabfa4169b3', N'P1056', N'pojZ9nX5yNS4CWglJ+xm8QsfdByCIsa4ppKY4NS48Fo=', N'Inez Benjamin', N'Active', N'2021-10-14 18:22:01', N'637251375874')
INSERT INTO [dbo].[Parent] ([ParentGUID], [ParentUserID], [Password], [FullName], [Status], [CreateDate ], [ICNo]) VALUES (N'c4028f67-3059-48b1-893e-b0361de430bc', N'P1039', N'pojZ9nX5yNS4CWglJ+xm8QsfdByCIsa4ppKY4NS48Fo=', N'Gothart Stang-Gjertsen', N'Active', N'2021-10-14 18:22:01', N'155421822590')
INSERT INTO [dbo].[Parent] ([ParentGUID], [ParentUserID], [Password], [FullName], [Status], [CreateDate ], [ICNo]) VALUES (N'71893f3c-e34e-41c9-bf80-b324eeea92f6', N'P1001', N'pojZ9nX5yNS4CWglJ+xm8QsfdByCIsa4ppKY4NS48Fo=', N'Fee Copper', N'Active', N'2021-10-14 18:22:02', N'582398545080')
INSERT INTO [dbo].[Parent] ([ParentGUID], [ParentUserID], [Password], [FullName], [Status], [CreateDate ], [ICNo]) VALUES (N'd4e6936d-10f6-4878-acf7-b7390ca066a0', N'P1007', N'pojZ9nX5yNS4CWglJ+xm8QsfdByCIsa4ppKY4NS48Fo=', N'Fianna Itzkowicz', N'Active', N'2021-10-14 18:22:01', N'525578437798')
INSERT INTO [dbo].[Parent] ([ParentGUID], [ParentUserID], [Password], [FullName], [Status], [CreateDate ], [ICNo]) VALUES (N'3330da03-c5d7-4482-b1d4-b7f9dbd8c7f1', N'P1034', N'pojZ9nX5yNS4CWglJ+xm8QsfdByCIsa4ppKY4NS48Fo=', N'Yul Boshell', N'Active', N'2021-10-14 18:22:01', N'598963114989')
INSERT INTO [dbo].[Parent] ([ParentGUID], [ParentUserID], [Password], [FullName], [Status], [CreateDate ], [ICNo]) VALUES (N'3f5ef87b-6888-4fd5-8fde-b80a58111d3e', N'P1041', N'pojZ9nX5yNS4CWglJ+xm8QsfdByCIsa4ppKY4NS48Fo=', N'Delaney Clerk', N'Active', N'2021-10-14 18:22:01', N'565776517485')
INSERT INTO [dbo].[Parent] ([ParentGUID], [ParentUserID], [Password], [FullName], [Status], [CreateDate ], [ICNo]) VALUES (N'34f19445-af91-41d0-9355-b84d316ddd17', N'P1013', N'pojZ9nX5yNS4CWglJ+xm8QsfdByCIsa4ppKY4NS48Fo=', N'Evy Scarr', N'Active', N'2021-10-14 18:22:01', N'538409946893')
INSERT INTO [dbo].[Parent] ([ParentGUID], [ParentUserID], [Password], [FullName], [Status], [CreateDate ], [ICNo]) VALUES (N'c8293776-e5e2-421d-9f2e-ba5003b58706', N'P1059', N'pojZ9nX5yNS4CWglJ+xm8QsfdByCIsa4ppKY4NS48Fo=', N'Rutherford Longworthy', N'Active', N'2021-10-14 18:22:01', N'658745503036')
INSERT INTO [dbo].[Parent] ([ParentGUID], [ParentUserID], [Password], [FullName], [Status], [CreateDate ], [ICNo]) VALUES (N'11153d5d-18f4-446f-95c1-c159b15a5b0f', N'P1046', N'pojZ9nX5yNS4CWglJ+xm8QsfdByCIsa4ppKY4NS48Fo=', N'Stavro Backman', N'Active', N'2021-10-14 18:22:01', N'237601785064')
INSERT INTO [dbo].[Parent] ([ParentGUID], [ParentUserID], [Password], [FullName], [Status], [CreateDate ], [ICNo]) VALUES (N'ae2529d0-d278-42ac-bd7c-d31c13807bf9', N'P1026', N'pojZ9nX5yNS4CWglJ+xm8QsfdByCIsa4ppKY4NS48Fo=', N'Bellanca Dmitrievski', N'Active', N'2021-10-14 18:22:01', N'694000154438')
INSERT INTO [dbo].[Parent] ([ParentGUID], [ParentUserID], [Password], [FullName], [Status], [CreateDate ], [ICNo]) VALUES (N'a6e763ec-2c2e-45fe-b654-d4ec502c4744', N'P1035', N'pojZ9nX5yNS4CWglJ+xm8QsfdByCIsa4ppKY4NS48Fo=', N'Valerie Hatcher', N'Active', N'2021-10-14 18:22:01', N'472267545907')
INSERT INTO [dbo].[Parent] ([ParentGUID], [ParentUserID], [Password], [FullName], [Status], [CreateDate ], [ICNo]) VALUES (N'c7703e3e-4fdd-48e7-9036-d54ddd113c19', N'P1055', N'pojZ9nX5yNS4CWglJ+xm8QsfdByCIsa4ppKY4NS48Fo=', N'Hugh Brooksby', N'Active', N'2021-10-14 18:22:01', N'192216282417')
INSERT INTO [dbo].[Parent] ([ParentGUID], [ParentUserID], [Password], [FullName], [Status], [CreateDate ], [ICNo]) VALUES (N'1ecded37-af89-4af4-9b5b-d88070527674', N'P1023', N'pojZ9nX5yNS4CWglJ+xm8QsfdByCIsa4ppKY4NS48Fo=', N'Astra Connow', N'Active', N'2021-10-14 18:22:01', N'521624016973')
INSERT INTO [dbo].[Parent] ([ParentGUID], [ParentUserID], [Password], [FullName], [Status], [CreateDate ], [ICNo]) VALUES (N'54930ec2-f529-4501-8c4d-d89c6ff501c2', N'P1052', N'pojZ9nX5yNS4CWglJ+xm8QsfdByCIsa4ppKY4NS48Fo=', N'Milissent Lusher', N'Active', N'2021-10-14 18:22:01', N'281041200697')
INSERT INTO [dbo].[Parent] ([ParentGUID], [ParentUserID], [Password], [FullName], [Status], [CreateDate ], [ICNo]) VALUES (N'7f521a33-6334-4944-b02e-d923ae448cba', N'P1020', N'pojZ9nX5yNS4CWglJ+xm8QsfdByCIsa4ppKY4NS48Fo=', N'Fredrika Nobes', N'Active', N'2021-10-14 18:22:01', N'601924766887')
INSERT INTO [dbo].[Parent] ([ParentGUID], [ParentUserID], [Password], [FullName], [Status], [CreateDate ], [ICNo]) VALUES (N'10d613cd-61ff-4150-811f-d984a36d8df3', N'P1008', N'pojZ9nX5yNS4CWglJ+xm8QsfdByCIsa4ppKY4NS48Fo=', N'Giustina Comberbeach', N'Active', N'2021-10-14 18:22:01', N'353755789101')
INSERT INTO [dbo].[Parent] ([ParentGUID], [ParentUserID], [Password], [FullName], [Status], [CreateDate ], [ICNo]) VALUES (N'0c9437d6-56f0-45cc-8238-e4e2a5101844', N'P1042', N'pojZ9nX5yNS4CWglJ+xm8QsfdByCIsa4ppKY4NS48Fo=', N'Aubine Corneil', N'Active', N'2021-10-14 18:22:01', N'627206990496')
INSERT INTO [dbo].[Parent] ([ParentGUID], [ParentUserID], [Password], [FullName], [Status], [CreateDate ], [ICNo]) VALUES (N'ae5f474c-c514-476b-a2cc-eb79e2ca8894', N'P1005', N'pojZ9nX5yNS4CWglJ+xm8QsfdByCIsa4ppKY4NS48Fo=', N'Tyrus Staunton', N'Active', N'2021-10-14 18:22:02', N'863309752392')

INSERT INTO [dbo].[Student] ([StudentGUID], [StudentUserID], [Password], [FullName], [ProfilePic], [ICNo], [DateOfBirth], [Gender], [PhoneNo], [Email], [Address], [JoinDate], [Status], [CreateDate], [LastUpdateDate], [ParentGUID], [ClassroomGUID]) VALUES (N'874ce1e1-c54b-40a6-942c-0115a0d6b3da', N's1061', N'pojZ9nX5yNS4CWglJ+xm8QsfdByCIsa4ppKY4NS48Fo=', N'Ralina McIlhatton', N'profilepic', N'752371945329', N'2005-12-13', N'Female', N'321482975 ', N'lthurston1o@quantcast.com', N'24244 Pawling Center', N'2021-10-14', N'Active', N'2021-10-14 18:22:01', N'2021-10-14 18:22:01', N'd8b71f08-7fe0-489d-af90-95ede08672f5', N'9453548b-f6a8-40af-87e8-fa9c5c0e553a')
INSERT INTO [dbo].[Student] ([StudentGUID], [StudentUserID], [Password], [FullName], [ProfilePic], [ICNo], [DateOfBirth], [Gender], [PhoneNo], [Email], [Address], [JoinDate], [Status], [CreateDate], [LastUpdateDate], [ParentGUID], [ClassroomGUID]) VALUES (N'c07b6e11-3d4e-4f9d-9cfa-086965212c4f', N's1078', N'pojZ9nX5yNS4CWglJ+xm8QsfdByCIsa4ppKY4NS48Fo=', N'Gerri Camplejohn', N'profilepic', N'580573077221', N'2005-12-30', N'Female', N'6084339136', N'thanhard25@unesco.org', N'63 Westerfield Place', N'2021-10-14', N'Active', N'2021-10-14 18:22:01', N'2021-10-14 18:22:01', N'52345964-636b-4e25-9dcd-6c8062239c59', N'2d6f7e36-2653-43d5-9999-6b10b54d6a08')
INSERT INTO [dbo].[Student] ([StudentGUID], [StudentUserID], [Password], [FullName], [ProfilePic], [ICNo], [DateOfBirth], [Gender], [PhoneNo], [Email], [Address], [JoinDate], [Status], [CreateDate], [LastUpdateDate], [ParentGUID], [ClassroomGUID]) VALUES (N'ad9068a2-626d-4470-8260-09d0e26d80db', N's1018', N'pojZ9nX5yNS4CWglJ+xm8QsfdByCIsa4ppKY4NS48Fo=', N'Myca Korejs', N'profilepic', N'998388192433', N'2005-10-31', N'Male', N'362728416 ', N'kmarlowh@biblegateway.com', N'3 Holy Cross Point', N'2021-10-14', N'Active', N'2021-10-14 18:22:01', N'2021-10-14 18:22:01', N'7006e2c2-05aa-4d39-bd90-83ca696d34c6', N'a8ef76d3-10c4-43d5-bfc0-4d5c0b976caf')
INSERT INTO [dbo].[Student] ([StudentGUID], [StudentUserID], [Password], [FullName], [ProfilePic], [ICNo], [DateOfBirth], [Gender], [PhoneNo], [Email], [Address], [JoinDate], [Status], [CreateDate], [LastUpdateDate], [ParentGUID], [ClassroomGUID]) VALUES (N'ccfb34d5-05f6-4ec2-a3bd-0b310cf9b7c8', N's1024', N'pojZ9nX5yNS4CWglJ+xm8QsfdByCIsa4ppKY4NS48Fo=', N'Brod Chittim', N'profilepic', N'577422313738', N'2005-11-06', N'Male', N'362533727 ', N'asmalen@bandcamp.com', N'6587 Trailsway Center', N'2021-10-14', N'Active', N'2021-10-14 18:22:01', N'2021-10-14 18:22:01', N'3d02414e-f5ac-4197-bca9-8e28cc5b7897', N'4e9a26ee-cb91-4650-8d1c-b2156970bafb')
INSERT INTO [dbo].[Student] ([StudentGUID], [StudentUserID], [Password], [FullName], [ProfilePic], [ICNo], [DateOfBirth], [Gender], [PhoneNo], [Email], [Address], [JoinDate], [Status], [CreateDate], [LastUpdateDate], [ParentGUID], [ClassroomGUID]) VALUES (N'8dd3896e-793c-4dac-b36d-0b3e098bfb9c', N's1046', N'pojZ9nX5yNS4CWglJ+xm8QsfdByCIsa4ppKY4NS48Fo=', N'Justine Buckmaster', N'profilepic', N'751555949756', N'2005-11-28', N'Male', N'333413466 ', N'cgregan19@walmart.com', N'08 Goodland Parkway', N'2021-10-14', N'Active', N'2021-10-14 18:22:01', N'2021-10-14 18:22:01', N'1ecded37-af89-4af4-9b5b-d88070527674', N'4e9a26ee-cb91-4650-8d1c-b2156970bafb')
INSERT INTO [dbo].[Student] ([StudentGUID], [StudentUserID], [Password], [FullName], [ProfilePic], [ICNo], [DateOfBirth], [Gender], [PhoneNo], [Email], [Address], [JoinDate], [Status], [CreateDate], [LastUpdateDate], [ParentGUID], [ClassroomGUID]) VALUES (N'1c1f282e-0d7c-4f46-9c15-0f90532ce645', N's1041', N'pojZ9nX5yNS4CWglJ+xm8QsfdByCIsa4ppKY4NS48Fo=', N'Orlando Delicate', N'profilepic', N'840004173429', N'2005-11-23', N'Female', N'377292070 ', N'nlivard14@reuters.com', N'661 3rd Street', N'2021-10-14', N'Active', N'2021-10-14 18:22:01', N'2021-10-14 18:22:01', N'008eb9ca-9258-49b8-8e7f-766324cf7324', N'2fb70337-308e-4fff-88b8-0da7ed93b056')
INSERT INTO [dbo].[Student] ([StudentGUID], [StudentUserID], [Password], [FullName], [ProfilePic], [ICNo], [DateOfBirth], [Gender], [PhoneNo], [Email], [Address], [JoinDate], [Status], [CreateDate], [LastUpdateDate], [ParentGUID], [ClassroomGUID]) VALUES (N'e6892192-79dd-4563-b56b-0f9bb2df0f5e', N's1074', N'pojZ9nX5yNS4CWglJ+xm8QsfdByCIsa4ppKY4NS48Fo=', N'Vilma Enrietto', N'profilepic', N'69467906342 ', N'2005-12-26', N'Male', N'391736642 ', N'nslewcock21@oaic.gov.au', N'45 Stoughton Circle', N'2021-10-14', N'Active', N'2021-10-14 18:22:01', N'2021-10-14 18:22:01', N'10b14217-f9e8-44ad-94ab-afabfa4169b3', N'bac4cb27-4e5d-43b4-960c-8bd116dbec87')
INSERT INTO [dbo].[Student] ([StudentGUID], [StudentUserID], [Password], [FullName], [ProfilePic], [ICNo], [DateOfBirth], [Gender], [PhoneNo], [Email], [Address], [JoinDate], [Status], [CreateDate], [LastUpdateDate], [ParentGUID], [ClassroomGUID]) VALUES (N'd925ced7-de02-4d15-907f-117132980ec3', N's1030', N'pojZ9nX5yNS4CWglJ+xm8QsfdByCIsa4ppKY4NS48Fo=', N'Bealle Statter', N'profilepic', N'485528227629', N'2005-11-12', N'Female', N'379555467 ', N'dthurmant@ocn.ne.jp', N'3737 Pennsylvania Court', N'2021-10-14', N'Active', N'2021-10-14 18:22:01', N'2021-10-14 18:22:01', N'3d02414e-f5ac-4197-bca9-8e28cc5b7897', N'4e9a26ee-cb91-4650-8d1c-b2156970bafb')
INSERT INTO [dbo].[Student] ([StudentGUID], [StudentUserID], [Password], [FullName], [ProfilePic], [ICNo], [DateOfBirth], [Gender], [PhoneNo], [Email], [Address], [JoinDate], [Status], [CreateDate], [LastUpdateDate], [ParentGUID], [ClassroomGUID]) VALUES (N'ea61e722-1eaf-48fa-bfc5-1615c295a9cb', N's1065', N'pojZ9nX5yNS4CWglJ+xm8QsfdByCIsa4ppKY4NS48Fo=', N'Vivianne Diamant', N'profilepic', N'702945594108', N'2005-12-17', N'Female', N'392220850 ', N'ecarhart1s@nba.com', N'5 Hoepker Alley', N'2021-10-14', N'Active', N'2021-10-14 18:22:01', N'2021-10-14 18:22:01', N'34f19445-af91-41d0-9355-b84d316ddd17', N'4dda573d-7651-4705-bafc-93f99f24bf8a')
INSERT INTO [dbo].[Student] ([StudentGUID], [StudentUserID], [Password], [FullName], [ProfilePic], [ICNo], [DateOfBirth], [Gender], [PhoneNo], [Email], [Address], [JoinDate], [Status], [CreateDate], [LastUpdateDate], [ParentGUID], [ClassroomGUID]) VALUES (N'90d745b8-4647-487f-9a68-1b5bf13c5b96', N's1004', N'pojZ9nX5yNS4CWglJ+xm8QsfdByCIsa4ppKY4NS48Fo=', N'Harley Rousell', N'profilepic', N'672267438816', N'2005-10-17', N'Female', N'356310558 ', N'glippiett3@woothemes.com', N'9 Warner Crossing', N'2021-10-14', N'Active', N'2021-10-14 18:22:01', N'2021-10-14 18:22:01', N'5cc13eb1-45d5-41f5-9dd5-36bc62a7a33c', N'a8ef76d3-10c4-43d5-bfc0-4d5c0b976caf')
INSERT INTO [dbo].[Student] ([StudentGUID], [StudentUserID], [Password], [FullName], [ProfilePic], [ICNo], [DateOfBirth], [Gender], [PhoneNo], [Email], [Address], [JoinDate], [Status], [CreateDate], [LastUpdateDate], [ParentGUID], [ClassroomGUID]) VALUES (N'596c7f97-c237-4383-a1e8-1e578f5d7d3c', N's1070', N'pojZ9nX5yNS4CWglJ+xm8QsfdByCIsa4ppKY4NS48Fo=', N'Tobias Zanetti', N'profilepic', N'633202774173', N'2005-12-22', N'Male', N'392843881 ', N'wmcguggy1x@dagondesign.com', N'383 Burrows Road', N'2021-10-14', N'Active', N'2021-10-14 18:22:01', N'2021-10-14 18:22:01', N'7a9e00e1-69ee-4538-b577-31ff9ac1d7ee', N'bac4cb27-4e5d-43b4-960c-8bd116dbec87')
INSERT INTO [dbo].[Student] ([StudentGUID], [StudentUserID], [Password], [FullName], [ProfilePic], [ICNo], [DateOfBirth], [Gender], [PhoneNo], [Email], [Address], [JoinDate], [Status], [CreateDate], [LastUpdateDate], [ParentGUID], [ClassroomGUID]) VALUES (N'7bce1bda-3b93-450a-81ca-1eb21f374107', N's1015', N'pojZ9nX5yNS4CWglJ+xm8QsfdByCIsa4ppKY4NS48Fo=', N'Lindi Cisec', N'profilepic', N'674601879139', N'2005-10-28', N'Female', N'6086311372', N'mpavlenkove@fotki.com', N'84 Rockefeller Junction', N'2021-10-14', N'Active', N'2021-10-14 18:22:01', N'2021-10-14 18:22:01', N'ae2529d0-d278-42ac-bd7c-d31c13807bf9', N'2d6f7e36-2653-43d5-9999-6b10b54d6a08')
INSERT INTO [dbo].[Student] ([StudentGUID], [StudentUserID], [Password], [FullName], [ProfilePic], [ICNo], [DateOfBirth], [Gender], [PhoneNo], [Email], [Address], [JoinDate], [Status], [CreateDate], [LastUpdateDate], [ParentGUID], [ClassroomGUID]) VALUES (N'2eaa9185-0333-49e1-8951-1f261943c987', N's1100', N'pojZ9nX5yNS4CWglJ+xm8QsfdByCIsa4ppKY4NS48Fo=', N'Gertrud Capell', N'profilepic', N'492949890861', N'2006-01-21', N'Male', N'340255277 ', N'navrashin2r@huffingtonpost.com', N'839 Everett Avenue', N'2021-10-14', N'Active', N'2021-10-14 18:22:01', N'2021-10-14 18:22:01', N'b6dad238-336a-4893-87e0-2b01089ab377', N'2fb70337-308e-4fff-88b8-0da7ed93b056')
INSERT INTO [dbo].[Student] ([StudentGUID], [StudentUserID], [Password], [FullName], [ProfilePic], [ICNo], [DateOfBirth], [Gender], [PhoneNo], [Email], [Address], [JoinDate], [Status], [CreateDate], [LastUpdateDate], [ParentGUID], [ClassroomGUID]) VALUES (N'18d8885b-9f53-4ec3-bdc9-2057eb8c7b5e', N's1034', N'pojZ9nX5yNS4CWglJ+xm8QsfdByCIsa4ppKY4NS48Fo=', N'Aggie Lambal', N'profilepic', N'291358181970', N'2005-11-16', N'Female', N'6088239369', N'hgrigoryovx@pinterest.com', N'242 Crescent Oaks Circle', N'2021-10-14', N'Active', N'2021-10-14 18:22:01', N'2021-10-14 18:22:01', N'c7703e3e-4fdd-48e7-9036-d54ddd113c19', N'4dda573d-7651-4705-bafc-93f99f24bf8a')
INSERT INTO [dbo].[Student] ([StudentGUID], [StudentUserID], [Password], [FullName], [ProfilePic], [ICNo], [DateOfBirth], [Gender], [PhoneNo], [Email], [Address], [JoinDate], [Status], [CreateDate], [LastUpdateDate], [ParentGUID], [ClassroomGUID]) VALUES (N'e279955b-0e38-4b0b-822e-2240bdc634f5', N's1020', N'pojZ9nX5yNS4CWglJ+xm8QsfdByCIsa4ppKY4NS48Fo=', N'Dulcia Konzel', N'profilepic', N'930579120818', N'2005-11-02', N'Male', N'378738755 ', N'astattonj@youtube.com', N'71972 Superior Avenue', N'2021-10-14', N'Active', N'2021-10-14 18:22:01', N'2021-10-14 18:22:01', N'ed6a5abc-7c86-4836-9b2c-26a202eb7579', N'a8ef76d3-10c4-43d5-bfc0-4d5c0b976caf')
INSERT INTO [dbo].[Student] ([StudentGUID], [StudentUserID], [Password], [FullName], [ProfilePic], [ICNo], [DateOfBirth], [Gender], [PhoneNo], [Email], [Address], [JoinDate], [Status], [CreateDate], [LastUpdateDate], [ParentGUID], [ClassroomGUID]) VALUES (N'ffc171ca-722a-4a59-921a-22fa99c29d09', N's1080', N'pojZ9nX5yNS4CWglJ+xm8QsfdByCIsa4ppKY4NS48Fo=', N'Amelita Aslin', N'profilepic', N'144842423826', N'2006-01-01', N'Male', N'6049766216', N'hdogerty27@wsj.com', N'1 Sherman Park', N'2021-10-14', N'Active', N'2021-10-14 18:22:01', N'2021-10-14 18:22:01', N'c4028f67-3059-48b1-893e-b0361de430bc', N'e15840c5-11ca-424f-a0fe-140a77a37577')
INSERT INTO [dbo].[Student] ([StudentGUID], [StudentUserID], [Password], [FullName], [ProfilePic], [ICNo], [DateOfBirth], [Gender], [PhoneNo], [Email], [Address], [JoinDate], [Status], [CreateDate], [LastUpdateDate], [ParentGUID], [ClassroomGUID]) VALUES (N'76e19c42-03f7-4714-b7ef-25a49beefe42', N's1071', N'pojZ9nX5yNS4CWglJ+xm8QsfdByCIsa4ppKY4NS48Fo=', N'Chaddy Capin', N'profilepic', N'122630774919', N'2005-12-23', N'Female', N'377834696 ', N'eucceli1y@goo.ne.jp', N'08 Dixon Park', N'2021-10-14', N'Active', N'2021-10-14 18:22:01', N'2021-10-14 18:22:01', N'a957e556-e0bb-40f9-a215-402f1a7306aa', N'9453548b-f6a8-40af-87e8-fa9c5c0e553a')
INSERT INTO [dbo].[Student] ([StudentGUID], [StudentUserID], [Password], [FullName], [ProfilePic], [ICNo], [DateOfBirth], [Gender], [PhoneNo], [Email], [Address], [JoinDate], [Status], [CreateDate], [LastUpdateDate], [ParentGUID], [ClassroomGUID]) VALUES (N'f9585b1f-790c-4e9a-8704-26ed6be7b44d', N's1049', N'pojZ9nX5yNS4CWglJ+xm8QsfdByCIsa4ppKY4NS48Fo=', N'Malissa Fairrie', N'profilepic', N'747720036232', N'2005-12-01', N'Female', N'379551175 ', N'bhatherleigh1c@rakuten.co.jp', N'04451 Meadow Ridge Parkway', N'2021-10-14', N'Active', N'2021-10-14 18:22:01', N'2021-10-14 18:22:01', N'b6dad238-336a-4893-87e0-2b01089ab377', N'9e41551e-c3a6-4d0e-92db-dfc326b5a34e')
INSERT INTO [dbo].[Student] ([StudentGUID], [StudentUserID], [Password], [FullName], [ProfilePic], [ICNo], [DateOfBirth], [Gender], [PhoneNo], [Email], [Address], [JoinDate], [Status], [CreateDate], [LastUpdateDate], [ParentGUID], [ClassroomGUID]) VALUES (N'daa54eca-5db4-45ce-b7eb-29a140210ca6', N's1062', N'pojZ9nX5yNS4CWglJ+xm8QsfdByCIsa4ppKY4NS48Fo=', N'Matty Knell', N'profilepic', N'523864741580', N'2005-12-14', N'Male', N'340458110 ', N'vheinemann1p@shutterfly.com', N'197 Artisan Circle', N'2021-10-14', N'Active', N'2021-10-14 18:22:01', N'2021-10-14 18:22:01', N'755b04dc-95cf-4c47-953e-a730506834a1', N'bac4cb27-4e5d-43b4-960c-8bd116dbec87')
INSERT INTO [dbo].[Student] ([StudentGUID], [StudentUserID], [Password], [FullName], [ProfilePic], [ICNo], [DateOfBirth], [Gender], [PhoneNo], [Email], [Address], [JoinDate], [Status], [CreateDate], [LastUpdateDate], [ParentGUID], [ClassroomGUID]) VALUES (N'04df9233-5cb3-406f-8826-2a58adc83995', N's1044', N'pojZ9nX5yNS4CWglJ+xm8QsfdByCIsa4ppKY4NS48Fo=', N'Archie Kettell', N'profilepic', N'455189809864', N'2005-11-26', N'Female', N'377815135 ', N'drabley17@blog.com', N'0455 Bayside Trail', N'2021-10-14', N'Active', N'2021-10-14 18:22:01', N'2021-10-14 18:22:01', N'008eb9ca-9258-49b8-8e7f-766324cf7324', N'2fb70337-308e-4fff-88b8-0da7ed93b056')
INSERT INTO [dbo].[Student] ([StudentGUID], [StudentUserID], [Password], [FullName], [ProfilePic], [ICNo], [DateOfBirth], [Gender], [PhoneNo], [Email], [Address], [JoinDate], [Status], [CreateDate], [LastUpdateDate], [ParentGUID], [ClassroomGUID]) VALUES (N'9735181c-fe4c-4fab-a18b-2aa65efc992e', N's1027', N'pojZ9nX5yNS4CWglJ+xm8QsfdByCIsa4ppKY4NS48Fo=', N'Cinderella Pattenden', N'profilepic', N'461349021128', N'2005-11-09', N'Female', N'321457050 ', N'lskewesq@qq.com', N'6 Monterey Center', N'2021-10-14', N'Active', N'2021-10-14 18:22:01', N'2021-10-14 18:22:01', N'52345964-636b-4e25-9dcd-6c8062239c59', N'e15840c5-11ca-424f-a0fe-140a77a37577')
INSERT INTO [dbo].[Student] ([StudentGUID], [StudentUserID], [Password], [FullName], [ProfilePic], [ICNo], [DateOfBirth], [Gender], [PhoneNo], [Email], [Address], [JoinDate], [Status], [CreateDate], [LastUpdateDate], [ParentGUID], [ClassroomGUID]) VALUES (N'aa20a764-d405-4236-b442-2ada8f25849b', N's1008', N'pojZ9nX5yNS4CWglJ+xm8QsfdByCIsa4ppKY4NS48Fo=', N'Yorgos Haill', N'profilepic', N'678080890793', N'2005-10-21', N'Female', N'392817562 ', N'mardling7@blog.com', N'32094 Doe Crossing Park', N'2021-10-14', N'Active', N'2021-10-14 18:22:01', N'2021-10-14 18:22:01', N'a957e556-e0bb-40f9-a215-402f1a7306aa', N'4e9a26ee-cb91-4650-8d1c-b2156970bafb')
INSERT INTO [dbo].[Student] ([StudentGUID], [StudentUserID], [Password], [FullName], [ProfilePic], [ICNo], [DateOfBirth], [Gender], [PhoneNo], [Email], [Address], [JoinDate], [Status], [CreateDate], [LastUpdateDate], [ParentGUID], [ClassroomGUID]) VALUES (N'cac80c63-ff7d-4319-9646-2b93d1195dc1', N's1060', N'pojZ9nX5yNS4CWglJ+xm8QsfdByCIsa4ppKY4NS48Fo=', N'Marylee Philips', N'profilepic', N'618912235485', N'2005-12-12', N'Male', N'333411885 ', N'arylstone1n@xinhuanet.com', N'8 Sloan Park', N'2021-10-14', N'Active', N'2021-10-14 18:22:01', N'2021-10-14 18:22:01', N'ae5f474c-c514-476b-a2cc-eb79e2ca8894', N'4e9a26ee-cb91-4650-8d1c-b2156970bafb')
INSERT INTO [dbo].[Student] ([StudentGUID], [StudentUserID], [Password], [FullName], [ProfilePic], [ICNo], [DateOfBirth], [Gender], [PhoneNo], [Email], [Address], [JoinDate], [Status], [CreateDate], [LastUpdateDate], [ParentGUID], [ClassroomGUID]) VALUES (N'97a4c224-2361-4d16-98e1-2c68a0830e20', N's1039', N'pojZ9nX5yNS4CWglJ+xm8QsfdByCIsa4ppKY4NS48Fo=', N'Tabby Lissandri', N'profilepic', N'642953268887', N'2005-11-21', N'Female', N'377276601 ', N'wbea12@dion.ne.jp', N'8 Mandrake Street', N'2021-10-14', N'Active', N'2021-10-14 18:22:01', N'2021-10-14 18:22:01', N'd4e6936d-10f6-4878-acf7-b7390ca066a0', N'9e41551e-c3a6-4d0e-92db-dfc326b5a34e')
INSERT INTO [dbo].[Student] ([StudentGUID], [StudentUserID], [Password], [FullName], [ProfilePic], [ICNo], [DateOfBirth], [Gender], [PhoneNo], [Email], [Address], [JoinDate], [Status], [CreateDate], [LastUpdateDate], [ParentGUID], [ClassroomGUID]) VALUES (N'29394bcb-532b-4af0-9452-32325094cca1', N's1084', N'pojZ9nX5yNS4CWglJ+xm8QsfdByCIsa4ppKY4NS48Fo=', N'Jorrie Westphalen', N'profilepic', N'175458430905', N'2006-01-05', N'Female', N'6079521239', N'bjahnisch2b@spotify.com', N'2514 Meadow Vale Terrace', N'2021-10-14', N'Active', N'2021-10-14 18:22:01', N'2021-10-14 18:22:01', N'f5503e79-e1a1-408c-aadf-2c7b71ec3126', N'a8ef76d3-10c4-43d5-bfc0-4d5c0b976caf')
INSERT INTO [dbo].[Student] ([StudentGUID], [StudentUserID], [Password], [FullName], [ProfilePic], [ICNo], [DateOfBirth], [Gender], [PhoneNo], [Email], [Address], [JoinDate], [Status], [CreateDate], [LastUpdateDate], [ParentGUID], [ClassroomGUID]) VALUES (N'fc9ffbd4-8367-430a-aba9-34e1bdfc7e61', N's1064', N'pojZ9nX5yNS4CWglJ+xm8QsfdByCIsa4ppKY4NS48Fo=', N'Christie Anfusso', N'profilepic', N'237435344798', N'2005-12-16', N'Female', N'333715585 ', N'ilambin1r@merriam-webster.com', N'4 Springview Crossing', N'2021-10-14', N'Active', N'2021-10-14 18:22:01', N'2021-10-14 18:22:01', N'0575c6d5-ed92-4e71-9241-9d1780367720', N'2fb70337-308e-4fff-88b8-0da7ed93b056')
INSERT INTO [dbo].[Student] ([StudentGUID], [StudentUserID], [Password], [FullName], [ProfilePic], [ICNo], [DateOfBirth], [Gender], [PhoneNo], [Email], [Address], [JoinDate], [Status], [CreateDate], [LastUpdateDate], [ParentGUID], [ClassroomGUID]) VALUES (N'0a884c4c-1246-4d5f-9f5c-356e3388bc48', N's1043', N'pojZ9nX5yNS4CWglJ+xm8QsfdByCIsa4ppKY4NS48Fo=', N'Ninnetta Spaunton', N'profilepic', N'373992169469', N'2005-11-25', N'Female', N'390574410 ', N'aberrie16@goo.ne.jp', N'81 Crownhardt Park', N'2021-10-14', N'Active', N'2021-10-14 18:22:01', N'2021-10-14 18:22:01', N'10d613cd-61ff-4150-811f-d984a36d8df3', N'2d6f7e36-2653-43d5-9999-6b10b54d6a08')
INSERT INTO [dbo].[Student] ([StudentGUID], [StudentUserID], [Password], [FullName], [ProfilePic], [ICNo], [DateOfBirth], [Gender], [PhoneNo], [Email], [Address], [JoinDate], [Status], [CreateDate], [LastUpdateDate], [ParentGUID], [ClassroomGUID]) VALUES (N'0d07d766-28c0-4751-ba14-36426cfce40f', N's1095', N'pojZ9nX5yNS4CWglJ+xm8QsfdByCIsa4ppKY4NS48Fo=', N'Lulu Cronshaw', N'profilepic', N'415857914447', N'2006-01-16', N'Male', N'321668233 ', N'lmarqyes2m@walmart.com', N'4 Center Way', N'2021-10-14', N'Active', N'2021-10-14 18:22:01', N'2021-10-14 18:22:01', N'7589a122-9cf5-423c-a768-1817884061b6', N'9e41551e-c3a6-4d0e-92db-dfc326b5a34e')
INSERT INTO [dbo].[Student] ([StudentGUID], [StudentUserID], [Password], [FullName], [ProfilePic], [ICNo], [DateOfBirth], [Gender], [PhoneNo], [Email], [Address], [JoinDate], [Status], [CreateDate], [LastUpdateDate], [ParentGUID], [ClassroomGUID]) VALUES (N'9cbe7b8c-0110-403e-bdd7-37ed88bca511', N's1054', N'pojZ9nX5yNS4CWglJ+xm8QsfdByCIsa4ppKY4NS48Fo=', N'Jere Crudgington', N'profilepic', N'844599963029', N'2005-12-06', N'Female', N'362578578 ', N'hstruss1h@bizjournals.com', N'278 Forest Hill', N'2021-10-14', N'Active', N'2021-10-14 18:22:01', N'2021-10-14 18:22:01', N'a4c142db-dfb6-4048-9562-5683acf04492', N'9453548b-f6a8-40af-87e8-fa9c5c0e553a')
INSERT INTO [dbo].[Student] ([StudentGUID], [StudentUserID], [Password], [FullName], [ProfilePic], [ICNo], [DateOfBirth], [Gender], [PhoneNo], [Email], [Address], [JoinDate], [Status], [CreateDate], [LastUpdateDate], [ParentGUID], [ClassroomGUID]) VALUES (N'040582e7-12c9-4a8f-b938-399728aca66e', N's1037', N'pojZ9nX5yNS4CWglJ+xm8QsfdByCIsa4ppKY4NS48Fo=', N'Annalee Delagua', N'profilepic', N'8891441198  ', N'2005-11-19', N'Female', N'377289389 ', N'bizzard10@xinhuanet.com', N'40 Golf View Street', N'2021-10-14', N'Active', N'2021-10-14 18:22:01', N'2021-10-14 18:22:01', N'0a5435a0-936f-4139-afe5-a7c90579259a', N'9453548b-f6a8-40af-87e8-fa9c5c0e553a')
INSERT INTO [dbo].[Student] ([StudentGUID], [StudentUserID], [Password], [FullName], [ProfilePic], [ICNo], [DateOfBirth], [Gender], [PhoneNo], [Email], [Address], [JoinDate], [Status], [CreateDate], [LastUpdateDate], [ParentGUID], [ClassroomGUID]) VALUES (N'6695adef-cc44-4a42-96a8-3a1a15299b53', N's1002', N'pojZ9nX5yNS4CWglJ+xm8QsfdByCIsa4ppKY4NS48Fo=', N'Manolo Sine', N'profilepic', N'29890947117 ', N'2005-10-15', N'Female', N'392227925 ', N'eluscombe1@example.com', N'96 Homewood Way', N'2021-10-14', N'Active', N'2021-10-14 18:22:02', N'2021-10-14 18:22:02', N'61e1236d-1e92-4c6d-a68c-11c6aa8a4a92', N'2fb70337-308e-4fff-88b8-0da7ed93b056')
INSERT INTO [dbo].[Student] ([StudentGUID], [StudentUserID], [Password], [FullName], [ProfilePic], [ICNo], [DateOfBirth], [Gender], [PhoneNo], [Email], [Address], [JoinDate], [Status], [CreateDate], [LastUpdateDate], [ParentGUID], [ClassroomGUID]) VALUES (N'41f5455d-03d0-46d6-a1dd-461356d505db', N's1087', N'pojZ9nX5yNS4CWglJ+xm8QsfdByCIsa4ppKY4NS48Fo=', N'Jessa Dulson', N'profilepic', N'145882884309', N'2006-01-08', N'Female', N'6084332450', N'bmcgairl2e@theglobeandmail.com', N'7345 Rigney Circle', N'2021-10-14', N'Active', N'2021-10-14 18:22:01', N'2021-10-14 18:22:01', N'3f5ef87b-6888-4fd5-8fde-b80a58111d3e', N'bac4cb27-4e5d-43b4-960c-8bd116dbec87')
INSERT INTO [dbo].[Student] ([StudentGUID], [StudentUserID], [Password], [FullName], [ProfilePic], [ICNo], [DateOfBirth], [Gender], [PhoneNo], [Email], [Address], [JoinDate], [Status], [CreateDate], [LastUpdateDate], [ParentGUID], [ClassroomGUID]) VALUES (N'eba7fc25-4fd2-46ae-955a-4c8293bbff95', N's1073', N'pojZ9nX5yNS4CWglJ+xm8QsfdByCIsa4ppKY4NS48Fo=', N'Retha Wragge', N'profilepic', N'978416928382', N'2005-12-25', N'Male', N'380241197 ', N'elumly20@deliciousdays.com', N'81 Hooker Center', N'2021-10-14', N'Active', N'2021-10-14 18:22:01', N'2021-10-14 18:22:01', N'4fc734e1-caba-46c5-92f8-a0016902dd99', N'a8ef76d3-10c4-43d5-bfc0-4d5c0b976caf')
INSERT INTO [dbo].[Student] ([StudentGUID], [StudentUserID], [Password], [FullName], [ProfilePic], [ICNo], [DateOfBirth], [Gender], [PhoneNo], [Email], [Address], [JoinDate], [Status], [CreateDate], [LastUpdateDate], [ParentGUID], [ClassroomGUID]) VALUES (N'f884e3a0-d163-4528-9825-5670ab468bb0', N's1011', N'pojZ9nX5yNS4CWglJ+xm8QsfdByCIsa4ppKY4NS48Fo=', N'Leila Kelinge', N'profilepic', N'52584762833 ', N'2005-10-24', N'Female', N'342922522 ', N'tcrouxa@google.com', N'2 Stang Court', N'2021-10-14', N'Active', N'2021-10-14 18:22:01', N'2021-10-14 18:22:01', N'8d774bac-720f-4443-b8b5-aa4b39c90671', N'2d6f7e36-2653-43d5-9999-6b10b54d6a08')
INSERT INTO [dbo].[Student] ([StudentGUID], [StudentUserID], [Password], [FullName], [ProfilePic], [ICNo], [DateOfBirth], [Gender], [PhoneNo], [Email], [Address], [JoinDate], [Status], [CreateDate], [LastUpdateDate], [ParentGUID], [ClassroomGUID]) VALUES (N'adb60818-4d9e-4bd1-a32e-59f40f94b285', N's1036', N'pojZ9nX5yNS4CWglJ+xm8QsfdByCIsa4ppKY4NS48Fo=', N'Bamby McGrotty', N'profilepic', N'551339813489', N'2005-11-18', N'Male', N'320562949 ', N'vhowsegoz@earthlink.net', N'3 Haas Junction', N'2021-10-14', N'Active', N'2021-10-14 18:22:01', N'2021-10-14 18:22:01', N'3330da03-c5d7-4482-b1d4-b7f9dbd8c7f1', N'9453548b-f6a8-40af-87e8-fa9c5c0e553a')
INSERT INTO [dbo].[Student] ([StudentGUID], [StudentUserID], [Password], [FullName], [ProfilePic], [ICNo], [DateOfBirth], [Gender], [PhoneNo], [Email], [Address], [JoinDate], [Status], [CreateDate], [LastUpdateDate], [ParentGUID], [ClassroomGUID]) VALUES (N'd5685c48-e252-4937-af52-5c25ecee4af2', N's1005', N'pojZ9nX5yNS4CWglJ+xm8QsfdByCIsa4ppKY4NS48Fo=', N'Isis Cutting', N'profilepic', N'610502491139', N'2005-10-18', N'Female', N'333730170 ', N'adragge4@ftc.gov', N'015 Larry Crossing', N'2021-10-14', N'Active', N'2021-10-14 18:22:01', N'2021-10-14 18:22:01', N'bc1a9edf-2f73-404f-81fd-939d01590ebf', N'e15840c5-11ca-424f-a0fe-140a77a37577')
INSERT INTO [dbo].[Student] ([StudentGUID], [StudentUserID], [Password], [FullName], [ProfilePic], [ICNo], [DateOfBirth], [Gender], [PhoneNo], [Email], [Address], [JoinDate], [Status], [CreateDate], [LastUpdateDate], [ParentGUID], [ClassroomGUID]) VALUES (N'54695d4a-1cfe-4770-89b1-5e99feb46b82', N's1007', N'pojZ9nX5yNS4CWglJ+xm8QsfdByCIsa4ppKY4NS48Fo=', N'Kathryn Swayte', N'profilepic', N'363435605906', N'2005-10-20', N'Male', N'321633423 ', N'rtopliss6@nature.com', N'75686 Scoville Crossing', N'2021-10-14', N'Active', N'2021-10-14 18:22:01', N'2021-10-14 18:22:01', N'9383135b-5864-47a7-be21-a292c499388e', N'9453548b-f6a8-40af-87e8-fa9c5c0e553a')
INSERT INTO [dbo].[Student] ([StudentGUID], [StudentUserID], [Password], [FullName], [ProfilePic], [ICNo], [DateOfBirth], [Gender], [PhoneNo], [Email], [Address], [JoinDate], [Status], [CreateDate], [LastUpdateDate], [ParentGUID], [ClassroomGUID]) VALUES (N'deb89852-e1d3-4389-9944-607f73eac87a', N's1042', N'pojZ9nX5yNS4CWglJ+xm8QsfdByCIsa4ppKY4NS48Fo=', N'Horst Enderwick', N'profilepic', N'754844751613', N'2005-11-24', N'Female', N'392217940 ', N'faggs15@de.vu', N'60963 Monterey Crossing', N'2021-10-14', N'Active', N'2021-10-14 18:22:01', N'2021-10-14 18:22:01', N'7a9e00e1-69ee-4538-b577-31ff9ac1d7ee', N'3ef6e7a9-5169-443e-902e-bc8017eb9f33')
INSERT INTO [dbo].[Student] ([StudentGUID], [StudentUserID], [Password], [FullName], [ProfilePic], [ICNo], [DateOfBirth], [Gender], [PhoneNo], [Email], [Address], [JoinDate], [Status], [CreateDate], [LastUpdateDate], [ParentGUID], [ClassroomGUID]) VALUES (N'274f93a9-d691-49bd-b147-60d3924e5a37', N's1057', N'pojZ9nX5yNS4CWglJ+xm8QsfdByCIsa4ppKY4NS48Fo=', N'Vittorio Shwalbe', N'profilepic', N'122060279481', N'2005-12-09', N'Male', N'356327312 ', N'ktreneman1k@yandex.ru', N'41 Ohio Crossing', N'2021-10-14', N'Active', N'2021-10-14 18:22:01', N'2021-10-14 18:22:01', N'0c9437d6-56f0-45cc-8238-e4e2a5101844', N'e15840c5-11ca-424f-a0fe-140a77a37577')
INSERT INTO [dbo].[Student] ([StudentGUID], [StudentUserID], [Password], [FullName], [ProfilePic], [ICNo], [DateOfBirth], [Gender], [PhoneNo], [Email], [Address], [JoinDate], [Status], [CreateDate], [LastUpdateDate], [ParentGUID], [ClassroomGUID]) VALUES (N'a2f5555e-c3f1-4b67-a9d5-62fb631e035f', N's1056', N'pojZ9nX5yNS4CWglJ+xm8QsfdByCIsa4ppKY4NS48Fo=', N'Abbye Lamplough', N'profilepic', N'216609629621', N'2005-12-08', N'Male', N'379804483 ', N'chillyatt1j@vkontakte.ru', N'66009 Eliot Plaza', N'2021-10-14', N'Active', N'2021-10-14 18:22:01', N'2021-10-14 18:22:01', N'7f521a33-6334-4944-b02e-d923ae448cba', N'3ef6e7a9-5169-443e-902e-bc8017eb9f33')
INSERT INTO [dbo].[Student] ([StudentGUID], [StudentUserID], [Password], [FullName], [ProfilePic], [ICNo], [DateOfBirth], [Gender], [PhoneNo], [Email], [Address], [JoinDate], [Status], [CreateDate], [LastUpdateDate], [ParentGUID], [ClassroomGUID]) VALUES (N'e9474d56-f49a-41bf-96ef-65eb79394e77', N's1082', N'pojZ9nX5yNS4CWglJ+xm8QsfdByCIsa4ppKY4NS48Fo=', N'Ryann Reedie', N'profilepic', N'306611666551', N'2006-01-03', N'Female', N'6087418732', N'nferrarone29@1688.com', N'24517 Summer Ridge Plaza', N'2021-10-14', N'Active', N'2021-10-14 18:22:01', N'2021-10-14 18:22:01', N'ed6a5abc-7c86-4836-9b2c-26a202eb7579', N'bac4cb27-4e5d-43b4-960c-8bd116dbec87')
INSERT INTO [dbo].[Student] ([StudentGUID], [StudentUserID], [Password], [FullName], [ProfilePic], [ICNo], [DateOfBirth], [Gender], [PhoneNo], [Email], [Address], [JoinDate], [Status], [CreateDate], [LastUpdateDate], [ParentGUID], [ClassroomGUID]) VALUES (N'4a91b9f0-7a0d-4528-ba40-6a222d083d42', N's1075', N'pojZ9nX5yNS4CWglJ+xm8QsfdByCIsa4ppKY4NS48Fo=', N'Donelle Mant', N'profilepic', N'405351787676', N'2005-12-27', N'Female', N'320938143 ', N'mabel22@mashable.com', N'977 Butternut Circle', N'2021-10-14', N'Active', N'2021-10-14 18:22:01', N'2021-10-14 18:22:01', N'e70876f2-7c36-44cd-bbc4-189ac03c77b0', N'3ef6e7a9-5169-443e-902e-bc8017eb9f33')
INSERT INTO [dbo].[Student] ([StudentGUID], [StudentUserID], [Password], [FullName], [ProfilePic], [ICNo], [DateOfBirth], [Gender], [PhoneNo], [Email], [Address], [JoinDate], [Status], [CreateDate], [LastUpdateDate], [ParentGUID], [ClassroomGUID]) VALUES (N'dadf7d33-ec9d-4a16-aa52-6e1cc4d81b38', N's1047', N'pojZ9nX5yNS4CWglJ+xm8QsfdByCIsa4ppKY4NS48Fo=', N'Rolph Tother', N'profilepic', N'606460689387', N'2005-11-29', N'Male', N'341073232 ', N'swaleran1a@opensource.org', N'92516 Darwin Center', N'2021-10-14', N'Active', N'2021-10-14 18:22:01', N'2021-10-14 18:22:01', N'a75d2046-d990-4ece-b3ef-41c56453e18d', N'2fb70337-308e-4fff-88b8-0da7ed93b056')
INSERT INTO [dbo].[Student] ([StudentGUID], [StudentUserID], [Password], [FullName], [ProfilePic], [ICNo], [DateOfBirth], [Gender], [PhoneNo], [Email], [Address], [JoinDate], [Status], [CreateDate], [LastUpdateDate], [ParentGUID], [ClassroomGUID]) VALUES (N'93380c0a-a588-4aeb-b988-716703065b6b', N's1066', N'pojZ9nX5yNS4CWglJ+xm8QsfdByCIsa4ppKY4NS48Fo=', N'Keir Lashmore', N'profilepic', N'547580625799', N'2005-12-18', N'Male', N'362726971 ', N'bvasilenko1t@surveymonkey.com', N'0 Steensland Park', N'2021-10-14', N'Active', N'2021-10-14 18:22:01', N'2021-10-14 18:22:01', N'11153d5d-18f4-446f-95c1-c159b15a5b0f', N'2d6f7e36-2653-43d5-9999-6b10b54d6a08')
INSERT INTO [dbo].[Student] ([StudentGUID], [StudentUserID], [Password], [FullName], [ProfilePic], [ICNo], [DateOfBirth], [Gender], [PhoneNo], [Email], [Address], [JoinDate], [Status], [CreateDate], [LastUpdateDate], [ParentGUID], [ClassroomGUID]) VALUES (N'0a7dd93e-4c64-43cd-88e6-732f71537c88', N's1091', N'pojZ9nX5yNS4CWglJ+xm8QsfdByCIsa4ppKY4NS48Fo=', N'Julee Haverson', N'profilepic', N'958269218615', N'2006-01-12', N'Female', N'379810326 ', N'achue2i@bluehost.com', N'8430 Swallow Trail', N'2021-10-14', N'Active', N'2021-10-14 18:22:01', N'2021-10-14 18:22:01', N'71893f3c-e34e-41c9-bf80-b324eeea92f6', N'9453548b-f6a8-40af-87e8-fa9c5c0e553a')
INSERT INTO [dbo].[Student] ([StudentGUID], [StudentUserID], [Password], [FullName], [ProfilePic], [ICNo], [DateOfBirth], [Gender], [PhoneNo], [Email], [Address], [JoinDate], [Status], [CreateDate], [LastUpdateDate], [ParentGUID], [ClassroomGUID]) VALUES (N'e4e33534-37fc-433d-85b4-754a71f6261a', N's1025', N'pojZ9nX5yNS4CWglJ+xm8QsfdByCIsa4ppKY4NS48Fo=', N'Daria Sneden', N'profilepic', N'257485808487', N'2005-11-07', N'Female', N'321416822 ', N'hmacleseo@google.fr', N'03 Brickson Park Avenue', N'2021-10-14', N'Active', N'2021-10-14 18:22:01', N'2021-10-14 18:22:01', N'c6e29a4e-228b-4de8-811b-57c7b720cee8', N'a8ef76d3-10c4-43d5-bfc0-4d5c0b976caf')
INSERT INTO [dbo].[Student] ([StudentGUID], [StudentUserID], [Password], [FullName], [ProfilePic], [ICNo], [DateOfBirth], [Gender], [PhoneNo], [Email], [Address], [JoinDate], [Status], [CreateDate], [LastUpdateDate], [ParentGUID], [ClassroomGUID]) VALUES (N'7a349ca2-459b-4134-873b-762564f96367', N's1009', N'pojZ9nX5yNS4CWglJ+xm8QsfdByCIsa4ppKY4NS48Fo=', N'Arlin Scurlock', N'profilepic', N'164420126225', N'2005-10-22', N'Male', N'333738870 ', N'dweddell8@imdb.com', N'2745 Lake View Hill', N'2021-10-14', N'Active', N'2021-10-14 18:22:01', N'2021-10-14 18:22:01', N'94c97fa7-40e5-4993-8a9e-9adea31e4a00', N'9e41551e-c3a6-4d0e-92db-dfc326b5a34e')
INSERT INTO [dbo].[Student] ([StudentGUID], [StudentUserID], [Password], [FullName], [ProfilePic], [ICNo], [DateOfBirth], [Gender], [PhoneNo], [Email], [Address], [JoinDate], [Status], [CreateDate], [LastUpdateDate], [ParentGUID], [ClassroomGUID]) VALUES (N'f2d6b82e-ddd9-4d3b-82f2-7647e4b39853', N's1022', N'pojZ9nX5yNS4CWglJ+xm8QsfdByCIsa4ppKY4NS48Fo=', N'Sanderson Tarn', N'profilepic', N'554766506767', N'2005-11-04', N'Male', N'326916049 ', N'dgoadbiel@hugedomains.com', N'3063 Rieder Circle', N'2021-10-14', N'Active', N'2021-10-14 18:22:01', N'2021-10-14 18:22:01', N'8d774bac-720f-4443-b8b5-aa4b39c90671', N'9453548b-f6a8-40af-87e8-fa9c5c0e553a')
INSERT INTO [dbo].[Student] ([StudentGUID], [StudentUserID], [Password], [FullName], [ProfilePic], [ICNo], [DateOfBirth], [Gender], [PhoneNo], [Email], [Address], [JoinDate], [Status], [CreateDate], [LastUpdateDate], [ParentGUID], [ClassroomGUID]) VALUES (N'f185a967-0cb1-49d4-9a1d-76861ab0738c', N's1059', N'pojZ9nX5yNS4CWglJ+xm8QsfdByCIsa4ppKY4NS48Fo=', N'Gabriele Reasce', N'profilepic', N'859139318686', N'2005-12-11', N'Female', N'6043982736', N'ogammett1m@wired.com', N'019 Lunder Street', N'2021-10-14', N'Active', N'2021-10-14 18:22:01', N'2021-10-14 18:22:01', N'a0e0bcb6-01a4-4d65-a41a-7f1f469c3a87', N'9e41551e-c3a6-4d0e-92db-dfc326b5a34e')
INSERT INTO [dbo].[Student] ([StudentGUID], [StudentUserID], [Password], [FullName], [ProfilePic], [ICNo], [DateOfBirth], [Gender], [PhoneNo], [Email], [Address], [JoinDate], [Status], [CreateDate], [LastUpdateDate], [ParentGUID], [ClassroomGUID]) VALUES (N'ccc29dc1-dd91-4c4f-8cca-76e4dcdb6074', N's1098', N'pojZ9nX5yNS4CWglJ+xm8QsfdByCIsa4ppKY4NS48Fo=', N'Aleta Ferrario', N'profilepic', N'522984905074', N'2006-01-19', N'Female', N'392220828 ', N'hgilstin2p@t.co', N'458 Shasta Place', N'2021-10-14', N'Active', N'2021-10-14 18:22:01', N'2021-10-14 18:22:01', N'd1328012-e5e9-455d-ae5e-8fe4e97b9ed2', N'4dda573d-7651-4705-bafc-93f99f24bf8a')
INSERT INTO [dbo].[Student] ([StudentGUID], [StudentUserID], [Password], [FullName], [ProfilePic], [ICNo], [DateOfBirth], [Gender], [PhoneNo], [Email], [Address], [JoinDate], [Status], [CreateDate], [LastUpdateDate], [ParentGUID], [ClassroomGUID]) VALUES (N'2ae3324d-631c-452d-9a84-774f5a7eec2a', N's1063', N'pojZ9nX5yNS4CWglJ+xm8QsfdByCIsa4ppKY4NS48Fo=', N'Brendon Gonzalez', N'profilepic', N'393542689403', N'2005-12-15', N'Male', N'356214580 ', N'cobrogane1q@wired.com', N'69012 Goodland Center', N'2021-10-14', N'Active', N'2021-10-14 18:22:01', N'2021-10-14 18:22:01', N'7f521a33-6334-4944-b02e-d923ae448cba', N'2d6f7e36-2653-43d5-9999-6b10b54d6a08')
INSERT INTO [dbo].[Student] ([StudentGUID], [StudentUserID], [Password], [FullName], [ProfilePic], [ICNo], [DateOfBirth], [Gender], [PhoneNo], [Email], [Address], [JoinDate], [Status], [CreateDate], [LastUpdateDate], [ParentGUID], [ClassroomGUID]) VALUES (N'9fa45a12-401e-4774-bfdc-7ad7cb976758', N's1077', N'pojZ9nX5yNS4CWglJ+xm8QsfdByCIsa4ppKY4NS48Fo=', N'Gallagher Cockill', N'profilepic', N'181073751874', N'2005-12-29', N'Female', N'331671189 ', N'heastbrook24@cbslocal.com', N'4 Milwaukee Center', N'2021-10-14', N'Active', N'2021-10-14 18:22:01', N'2021-10-14 18:22:01', N'0575c6d5-ed92-4e71-9241-9d1780367720', N'9e41551e-c3a6-4d0e-92db-dfc326b5a34e')
INSERT INTO [dbo].[Student] ([StudentGUID], [StudentUserID], [Password], [FullName], [ProfilePic], [ICNo], [DateOfBirth], [Gender], [PhoneNo], [Email], [Address], [JoinDate], [Status], [CreateDate], [LastUpdateDate], [ParentGUID], [ClassroomGUID]) VALUES (N'10188e13-1385-4d2b-94a7-7eb0c22246f3', N's1033', N'pojZ9nX5yNS4CWglJ+xm8QsfdByCIsa4ppKY4NS48Fo=', N'Purcell Arrowsmith', N'profilepic', N'748287567817', N'2005-11-15', N'Male', N'362720014 ', N'tschiefersteinw@youtube.com', N'0386 Heffernan Park', N'2021-10-14', N'Active', N'2021-10-14 18:22:01', N'2021-10-14 18:22:01', N'758878f7-7384-4c37-9f9f-32b690c905d1', N'2d6f7e36-2653-43d5-9999-6b10b54d6a08')
INSERT INTO [dbo].[Student] ([StudentGUID], [StudentUserID], [Password], [FullName], [ProfilePic], [ICNo], [DateOfBirth], [Gender], [PhoneNo], [Email], [Address], [JoinDate], [Status], [CreateDate], [LastUpdateDate], [ParentGUID], [ClassroomGUID]) VALUES (N'0d8f7644-db07-416a-b11d-80456e107c1b', N's1017', N'pojZ9nX5yNS4CWglJ+xm8QsfdByCIsa4ppKY4NS48Fo=', N'Virgie Teacy', N'profilepic', N'443597976937', N'2005-10-30', N'Male', N'6044210008', N'nferieg@cam.ac.uk', N'71 Magdeline Plaza', N'2021-10-14', N'Active', N'2021-10-14 18:22:01', N'2021-10-14 18:22:01', N'ca54d181-4163-46be-ae7e-61bba459e22d', N'e15840c5-11ca-424f-a0fe-140a77a37577')
INSERT INTO [dbo].[Student] ([StudentGUID], [StudentUserID], [Password], [FullName], [ProfilePic], [ICNo], [DateOfBirth], [Gender], [PhoneNo], [Email], [Address], [JoinDate], [Status], [CreateDate], [LastUpdateDate], [ParentGUID], [ClassroomGUID]) VALUES (N'eba82b6c-6e5a-4927-8d17-83181432c608', N's1016', N'pojZ9nX5yNS4CWglJ+xm8QsfdByCIsa4ppKY4NS48Fo=', N'Blythe Heustace', N'profilepic', N'773280415329', N'2005-10-29', N'Male', N'362751265 ', N'cwesthofff@shop-pro.jp', N'9744 Clove Court', N'2021-10-14', N'Active', N'2021-10-14 18:22:01', N'2021-10-14 18:22:01', N'41fa40c5-a6fa-4a45-8e34-6ea677332ab9', N'4e9a26ee-cb91-4650-8d1c-b2156970bafb')
INSERT INTO [dbo].[Student] ([StudentGUID], [StudentUserID], [Password], [FullName], [ProfilePic], [ICNo], [DateOfBirth], [Gender], [PhoneNo], [Email], [Address], [JoinDate], [Status], [CreateDate], [LastUpdateDate], [ParentGUID], [ClassroomGUID]) VALUES (N'b3764b16-e984-4ce9-98df-92785441b48c', N's1068', N'pojZ9nX5yNS4CWglJ+xm8QsfdByCIsa4ppKY4NS48Fo=', N'Yevette Hadwick', N'profilepic', N'29390322417 ', N'2005-12-20', N'Female', N'320317810 ', N'nguion1v@ameblo.jp', N'471 Wayridge Place', N'2021-10-14', N'Active', N'2021-10-14 18:22:01', N'2021-10-14 18:22:01', N'1ecded37-af89-4af4-9b5b-d88070527674', N'4e9a26ee-cb91-4650-8d1c-b2156970bafb')
INSERT INTO [dbo].[Student] ([StudentGUID], [StudentUserID], [Password], [FullName], [ProfilePic], [ICNo], [DateOfBirth], [Gender], [PhoneNo], [Email], [Address], [JoinDate], [Status], [CreateDate], [LastUpdateDate], [ParentGUID], [ClassroomGUID]) VALUES (N'9a5fa2cc-4541-4605-b322-952f8a0e9e89', N's1010', N'pojZ9nX5yNS4CWglJ+xm8QsfdByCIsa4ppKY4NS48Fo=', N'Nessy Hearns', N'profilepic', N'839437564607', N'2005-10-23', N'Male', N'322843409 ', N'lrelton9@spotify.com', N'66229 Stone Corner Plaza', N'2021-10-14', N'Active', N'2021-10-14 18:22:01', N'2021-10-14 18:22:01', N'd559e10e-9910-4953-a7f0-9d4d2f653270', N'4e9a26ee-cb91-4650-8d1c-b2156970bafb')
INSERT INTO [dbo].[Student] ([StudentGUID], [StudentUserID], [Password], [FullName], [ProfilePic], [ICNo], [DateOfBirth], [Gender], [PhoneNo], [Email], [Address], [JoinDate], [Status], [CreateDate], [LastUpdateDate], [ParentGUID], [ClassroomGUID]) VALUES (N'091c2dd0-4f5a-4089-9c76-9caa0c8810df', N's1096', N'pojZ9nX5yNS4CWglJ+xm8QsfdByCIsa4ppKY4NS48Fo=', N'Rhianna Laffoley-Lane', N'profilepic', N'322070546887', N'2006-01-17', N'Female', N'326921920 ', N'pgibke2n@blogs.com', N'04188 Barnett Trail', N'2021-10-14', N'Active', N'2021-10-14 18:22:01', N'2021-10-14 18:22:01', N'758878f7-7384-4c37-9f9f-32b690c905d1', N'9453548b-f6a8-40af-87e8-fa9c5c0e553a')
INSERT INTO [dbo].[Student] ([StudentGUID], [StudentUserID], [Password], [FullName], [ProfilePic], [ICNo], [DateOfBirth], [Gender], [PhoneNo], [Email], [Address], [JoinDate], [Status], [CreateDate], [LastUpdateDate], [ParentGUID], [ClassroomGUID]) VALUES (N'9aa4066a-45dd-477c-8ef2-9ec305399ace', N's1029', N'pojZ9nX5yNS4CWglJ+xm8QsfdByCIsa4ppKY4NS48Fo=', N'Noll Olrenshaw', N'profilepic', N'509151626068', N'2005-11-11', N'Female', N'356375196 ', N'rkirsopps@biblegateway.com', N'3 3rd Place', N'2021-10-14', N'Active', N'2021-10-14 18:22:01', N'2021-10-14 18:22:01', N'755b04dc-95cf-4c47-953e-a730506834a1', N'4dda573d-7651-4705-bafc-93f99f24bf8a')
INSERT INTO [dbo].[Student] ([StudentGUID], [StudentUserID], [Password], [FullName], [ProfilePic], [ICNo], [DateOfBirth], [Gender], [PhoneNo], [Email], [Address], [JoinDate], [Status], [CreateDate], [LastUpdateDate], [ParentGUID], [ClassroomGUID]) VALUES (N'e08b3469-45be-4a0f-9f09-9ff66731b977', N's1055', N'pojZ9nX5yNS4CWglJ+xm8QsfdByCIsa4ppKY4NS48Fo=', N'Retha Tresvina', N'profilepic', N'322158492595', N'2005-12-07', N'Male', N'321442550 ', N'dcouthard1i@plala.or.jp', N'30081 Boyd Trail', N'2021-10-14', N'Active', N'2021-10-14 18:22:01', N'2021-10-14 18:22:01', N'10d613cd-61ff-4150-811f-d984a36d8df3', N'4e9a26ee-cb91-4650-8d1c-b2156970bafb')
INSERT INTO [dbo].[Student] ([StudentGUID], [StudentUserID], [Password], [FullName], [ProfilePic], [ICNo], [DateOfBirth], [Gender], [PhoneNo], [Email], [Address], [JoinDate], [Status], [CreateDate], [LastUpdateDate], [ParentGUID], [ClassroomGUID]) VALUES (N'6e060716-5789-4417-a946-a310a566a9e5', N's1013', N'pojZ9nX5yNS4CWglJ+xm8QsfdByCIsa4ppKY4NS48Fo=', N'Eugenia Eassom', N'profilepic', N'460430408289', N'2005-10-26', N'Female', N'320312338 ', N'dsandomc@google.fr', N'0 Cambridge Way', N'2021-10-14', N'Active', N'2021-10-14 18:22:01', N'2021-10-14 18:22:01', N'f67b052c-1fba-4482-9e2e-2a25118dbebc', N'9e41551e-c3a6-4d0e-92db-dfc326b5a34e')
INSERT INTO [dbo].[Student] ([StudentGUID], [StudentUserID], [Password], [FullName], [ProfilePic], [ICNo], [DateOfBirth], [Gender], [PhoneNo], [Email], [Address], [JoinDate], [Status], [CreateDate], [LastUpdateDate], [ParentGUID], [ClassroomGUID]) VALUES (N'ad5f4c1f-b16f-409e-8b63-a383fd8c1171', N's1048', N'pojZ9nX5yNS4CWglJ+xm8QsfdByCIsa4ppKY4NS48Fo=', N'Dinny Tomini', N'profilepic', N'629927640546', N'2005-11-30', N'Male', N'356347087 ', N'bphilott1b@dyndns.org', N'64 Pine View Terrace', N'2021-10-14', N'Active', N'2021-10-14 18:22:01', N'2021-10-14 18:22:01', N'c9a65b9f-4e84-4b93-8a09-68d33e5e45c2', N'2fb70337-308e-4fff-88b8-0da7ed93b056')
INSERT INTO [dbo].[Student] ([StudentGUID], [StudentUserID], [Password], [FullName], [ProfilePic], [ICNo], [DateOfBirth], [Gender], [PhoneNo], [Email], [Address], [JoinDate], [Status], [CreateDate], [LastUpdateDate], [ParentGUID], [ClassroomGUID]) VALUES (N'3dfbf9f2-f41f-459d-90b3-a410beeab753', N's1035', N'pojZ9nX5yNS4CWglJ+xm8QsfdByCIsa4ppKY4NS48Fo=', N'Cynthy Nealy', N'profilepic', N'511252727566', N'2005-11-17', N'Female', N'326984511 ', N'gfrobishery@webs.com', N'14749 Sommers Way', N'2021-10-14', N'Active', N'2021-10-14 18:22:01', N'2021-10-14 18:22:01', N'41fa40c5-a6fa-4a45-8e34-6ea677332ab9', N'bac4cb27-4e5d-43b4-960c-8bd116dbec87')
INSERT INTO [dbo].[Student] ([StudentGUID], [StudentUserID], [Password], [FullName], [ProfilePic], [ICNo], [DateOfBirth], [Gender], [PhoneNo], [Email], [Address], [JoinDate], [Status], [CreateDate], [LastUpdateDate], [ParentGUID], [ClassroomGUID]) VALUES (N'6e56f2e6-0736-4d34-b10c-a5a0c9bd6393', N's1067', N'pojZ9nX5yNS4CWglJ+xm8QsfdByCIsa4ppKY4NS48Fo=', N'Susanne Jacobovitz', N'profilepic', N'309813051595', N'2005-12-19', N'Male', N'378037501 ', N'gburniston1u@umich.edu', N'6 Norway Maple Circle', N'2021-10-14', N'Active', N'2021-10-14 18:22:01', N'2021-10-14 18:22:01', N'54930ec2-f529-4501-8c4d-d89c6ff501c2', N'e15840c5-11ca-424f-a0fe-140a77a37577')
INSERT INTO [dbo].[Student] ([StudentGUID], [StudentUserID], [Password], [FullName], [ProfilePic], [ICNo], [DateOfBirth], [Gender], [PhoneNo], [Email], [Address], [JoinDate], [Status], [CreateDate], [LastUpdateDate], [ParentGUID], [ClassroomGUID]) VALUES (N'23ca5d1a-aa62-4af2-a87a-a5a1936e7a8c', N's1053', N'pojZ9nX5yNS4CWglJ+xm8QsfdByCIsa4ppKY4NS48Fo=', N'Ximenez Edbrooke', N'profilepic', N'399601541141', N'2005-12-05', N'Female', N'379832194 ', N'wlacer1g@japanpost.jp', N'4 Granby Parkway', N'2021-10-14', N'Active', N'2021-10-14 18:22:01', N'2021-10-14 18:22:01', N'ca54d181-4163-46be-ae7e-61bba459e22d', N'2fb70337-308e-4fff-88b8-0da7ed93b056')
INSERT INTO [dbo].[Student] ([StudentGUID], [StudentUserID], [Password], [FullName], [ProfilePic], [ICNo], [DateOfBirth], [Gender], [PhoneNo], [Email], [Address], [JoinDate], [Status], [CreateDate], [LastUpdateDate], [ParentGUID], [ClassroomGUID]) VALUES (N'07855123-416d-430f-a67a-a7c1773eb862', N's1081', N'pojZ9nX5yNS4CWglJ+xm8QsfdByCIsa4ppKY4NS48Fo=', N'Fitzgerald Bringloe', N'profilepic', N'930658279343', N'2006-01-02', N'Male', N'379581174 ', N'areame28@boston.com', N'44 Center Circle', N'2021-10-14', N'Active', N'2021-10-14 18:22:01', N'2021-10-14 18:22:01', N'4fc734e1-caba-46c5-92f8-a0016902dd99', N'bac4cb27-4e5d-43b4-960c-8bd116dbec87')
INSERT INTO [dbo].[Student] ([StudentGUID], [StudentUserID], [Password], [FullName], [ProfilePic], [ICNo], [DateOfBirth], [Gender], [PhoneNo], [Email], [Address], [JoinDate], [Status], [CreateDate], [LastUpdateDate], [ParentGUID], [ClassroomGUID]) VALUES (N'80afeca0-b685-4f8f-aa4c-a7f456c6915d', N's1089', N'pojZ9nX5yNS4CWglJ+xm8QsfdByCIsa4ppKY4NS48Fo=', N'Editha McGreal', N'profilepic', N'329876082815', N'2006-01-10', N'Male', N'333923586 ', N'skehir2g@behance.net', N'0776 Anderson Lane', N'2021-10-14', N'Active', N'2021-10-14 18:22:01', N'2021-10-14 18:22:01', N'bbae9b3b-519c-4ab7-97d2-9a42098d81ba', N'a8ef76d3-10c4-43d5-bfc0-4d5c0b976caf')
INSERT INTO [dbo].[Student] ([StudentGUID], [StudentUserID], [Password], [FullName], [ProfilePic], [ICNo], [DateOfBirth], [Gender], [PhoneNo], [Email], [Address], [JoinDate], [Status], [CreateDate], [LastUpdateDate], [ParentGUID], [ClassroomGUID]) VALUES (N'9ad64b70-747f-4b5f-8937-a865e782bba8', N's1006', N'pojZ9nX5yNS4CWglJ+xm8QsfdByCIsa4ppKY4NS48Fo=', N'Hyacinthie Lording', N'profilepic', N'366844812978', N'2005-10-19', N'Male', N'362742209 ', N'awarham5@cdc.gov', N'1784 Barby Plaza', N'2021-10-14', N'Active', N'2021-10-14 18:22:01', N'2021-10-14 18:22:01', N'71893f3c-e34e-41c9-bf80-b324eeea92f6', N'4dda573d-7651-4705-bafc-93f99f24bf8a')
INSERT INTO [dbo].[Student] ([StudentGUID], [StudentUserID], [Password], [FullName], [ProfilePic], [ICNo], [DateOfBirth], [Gender], [PhoneNo], [Email], [Address], [JoinDate], [Status], [CreateDate], [LastUpdateDate], [ParentGUID], [ClassroomGUID]) VALUES (N'bff4a548-4aa6-4f6a-8565-a8d64733b0f8', N's1090', N'pojZ9nX5yNS4CWglJ+xm8QsfdByCIsa4ppKY4NS48Fo=', N'Cayla MacTimpany', N'profilepic', N'921372770822', N'2006-01-11', N'Female', N'6066472196', N'sclaire2h@google.ru', N'7 Esch Circle', N'2021-10-14', N'Active', N'2021-10-14 18:22:01', N'2021-10-14 18:22:01', N'd1328012-e5e9-455d-ae5e-8fe4e97b9ed2', N'3ef6e7a9-5169-443e-902e-bc8017eb9f33')
INSERT INTO [dbo].[Student] ([StudentGUID], [StudentUserID], [Password], [FullName], [ProfilePic], [ICNo], [DateOfBirth], [Gender], [PhoneNo], [Email], [Address], [JoinDate], [Status], [CreateDate], [LastUpdateDate], [ParentGUID], [ClassroomGUID]) VALUES (N'79f4dba8-f2d5-4189-9048-ae700146b088', N's1014', N'pojZ9nX5yNS4CWglJ+xm8QsfdByCIsa4ppKY4NS48Fo=', N'Johny Feavearyear', N'profilepic', N'734236265828', N'2005-10-27', N'Male', N'340236178 ', N'fhartfordd@nba.com', N'385 Forster Circle', N'2021-10-14', N'Active', N'2021-10-14 18:22:01', N'2021-10-14 18:22:01', N'40fe642f-f934-4326-8940-896c36081a08', N'2d6f7e36-2653-43d5-9999-6b10b54d6a08')
INSERT INTO [dbo].[Student] ([StudentGUID], [StudentUserID], [Password], [FullName], [ProfilePic], [ICNo], [DateOfBirth], [Gender], [PhoneNo], [Email], [Address], [JoinDate], [Status], [CreateDate], [LastUpdateDate], [ParentGUID], [ClassroomGUID]) VALUES (N'f2fc252c-5f9f-4379-8e19-af82f1f82a78', N's1021', N'pojZ9nX5yNS4CWglJ+xm8QsfdByCIsa4ppKY4NS48Fo=', N'Julina Tink', N'profilepic', N'666880470587', N'2005-11-03', N'Female', N'6042299876', N'hrapseyk@tmall.com', N'5164 Springview Hill', N'2021-10-14', N'Active', N'2021-10-14 18:22:01', N'2021-10-14 18:22:01', N'c6e29a4e-228b-4de8-811b-57c7b720cee8', N'9e41551e-c3a6-4d0e-92db-dfc326b5a34e')
INSERT INTO [dbo].[Student] ([StudentGUID], [StudentUserID], [Password], [FullName], [ProfilePic], [ICNo], [DateOfBirth], [Gender], [PhoneNo], [Email], [Address], [JoinDate], [Status], [CreateDate], [LastUpdateDate], [ParentGUID], [ClassroomGUID]) VALUES (N'580063b8-ec1c-4b50-b4ec-b98659721a2c', N's1085', N'pojZ9nX5yNS4CWglJ+xm8QsfdByCIsa4ppKY4NS48Fo=', N'Judy Oatley', N'profilepic', N'379365478453', N'2006-01-06', N'Male', N'340247217 ', N'creede2c@gmpg.org', N'7945 Orin Alley', N'2021-10-14', N'Active', N'2021-10-14 18:22:01', N'2021-10-14 18:22:01', N'd559e10e-9910-4953-a7f0-9d4d2f653270', N'a8ef76d3-10c4-43d5-bfc0-4d5c0b976caf')
INSERT INTO [dbo].[Student] ([StudentGUID], [StudentUserID], [Password], [FullName], [ProfilePic], [ICNo], [DateOfBirth], [Gender], [PhoneNo], [Email], [Address], [JoinDate], [Status], [CreateDate], [LastUpdateDate], [ParentGUID], [ClassroomGUID]) VALUES (N'24e5b9f9-3647-4623-a0d4-bd028324bd76', N's1083', N'pojZ9nX5yNS4CWglJ+xm8QsfdByCIsa4ppKY4NS48Fo=', N'Nicoli Woodroofe', N'profilepic', N'264092551808', N'2006-01-04', N'Male', N'342804109 ', N'apaike2a@posterous.com', N'77 Pepper Wood Place', N'2021-10-14', N'Active', N'2021-10-14 18:22:01', N'2021-10-14 18:22:01', N'a4c142db-dfb6-4048-9562-5683acf04492', N'3ef6e7a9-5169-443e-902e-bc8017eb9f33')
INSERT INTO [dbo].[Student] ([StudentGUID], [StudentUserID], [Password], [FullName], [ProfilePic], [ICNo], [DateOfBirth], [Gender], [PhoneNo], [Email], [Address], [JoinDate], [Status], [CreateDate], [LastUpdateDate], [ParentGUID], [ClassroomGUID]) VALUES (N'184bca7f-db91-46db-b72b-bee06281be62', N's1086', N'pojZ9nX5yNS4CWglJ+xm8QsfdByCIsa4ppKY4NS48Fo=', N'Urson Moralee', N'profilepic', N'143934586773', N'2006-01-07', N'Male', N'321444129 ', N'cfantonetti2d@prnewswire.com', N'028 Lyons Court', N'2021-10-14', N'Active', N'2021-10-14 18:22:01', N'2021-10-14 18:22:01', N'a6e763ec-2c2e-45fe-b654-d4ec502c4744', N'a8ef76d3-10c4-43d5-bfc0-4d5c0b976caf')
INSERT INTO [dbo].[Student] ([StudentGUID], [StudentUserID], [Password], [FullName], [ProfilePic], [ICNo], [DateOfBirth], [Gender], [PhoneNo], [Email], [Address], [JoinDate], [Status], [CreateDate], [LastUpdateDate], [ParentGUID], [ClassroomGUID]) VALUES (N'76c4db2a-32f4-4caa-9ccf-c19c15005c29', N's1088', N'pojZ9nX5yNS4CWglJ+xm8QsfdByCIsa4ppKY4NS48Fo=', N'Cosette Stavers', N'profilepic', N'716499795750', N'2006-01-09', N'Male', N'176740387 ', N'mvedmore2f@exblog.jp', N'60620 Rutledge Road', N'2021-10-14', N'Active', N'2021-10-14 18:22:01', N'2021-10-14 18:22:01', N'9169b495-ab39-4464-bad0-44a5fb824de7', N'2fb70337-308e-4fff-88b8-0da7ed93b056')
INSERT INTO [dbo].[Student] ([StudentGUID], [StudentUserID], [Password], [FullName], [ProfilePic], [ICNo], [DateOfBirth], [Gender], [PhoneNo], [Email], [Address], [JoinDate], [Status], [CreateDate], [LastUpdateDate], [ParentGUID], [ClassroomGUID]) VALUES (N'f4385161-5447-4155-9605-c1a6a69e965a', N's1051', N'pojZ9nX5yNS4CWglJ+xm8QsfdByCIsa4ppKY4NS48Fo=', N'Conrado McIlheran', N'profilepic', N'383506928867', N'2005-12-03', N'Male', N'392006659 ', N'cchalloner1e@cargocollective.com', N'6766 Continental Alley', N'2021-10-14', N'Active', N'2021-10-14 18:22:01', N'2021-10-14 18:22:01', N'22b83373-bd77-459a-8449-64d2fbe4d06b', N'9453548b-f6a8-40af-87e8-fa9c5c0e553a')
INSERT INTO [dbo].[Student] ([StudentGUID], [StudentUserID], [Password], [FullName], [ProfilePic], [ICNo], [DateOfBirth], [Gender], [PhoneNo], [Email], [Address], [JoinDate], [Status], [CreateDate], [LastUpdateDate], [ParentGUID], [ClassroomGUID]) VALUES (N'00fa9f4a-fd10-47e6-8fa2-c301b913bb33', N's1050', N'pojZ9nX5yNS4CWglJ+xm8QsfdByCIsa4ppKY4NS48Fo=', N'Obediah Spilstead', N'profilepic', N'928011286779', N'2005-12-02', N'Female', N'6044906322', N'llunk1d@miitbeian.gov.cn', N'56 Muir Junction', N'2021-10-14', N'Active', N'2021-10-14 18:22:01', N'2021-10-14 18:22:01', N'90fca728-3f31-44fe-93ba-3b0818eecf9d', N'4dda573d-7651-4705-bafc-93f99f24bf8a')
INSERT INTO [dbo].[Student] ([StudentGUID], [StudentUserID], [Password], [FullName], [ProfilePic], [ICNo], [DateOfBirth], [Gender], [PhoneNo], [Email], [Address], [JoinDate], [Status], [CreateDate], [LastUpdateDate], [ParentGUID], [ClassroomGUID]) VALUES (N'7c022135-c175-436c-9837-c5e355c3e624', N's1026', N'pojZ9nX5yNS4CWglJ+xm8QsfdByCIsa4ppKY4NS48Fo=', N'Dallas MacDearmid', N'profilepic', N'122142556210', N'2005-11-08', N'Female', N'6096971164', N'ecopestickp@so-net.ne.jp', N'371 Loftsgordon Trail', N'2021-10-14', N'Active', N'2021-10-14 18:22:01', N'2021-10-14 18:22:01', N'40fe642f-f934-4326-8940-896c36081a08', N'4dda573d-7651-4705-bafc-93f99f24bf8a')
INSERT INTO [dbo].[Student] ([StudentGUID], [StudentUserID], [Password], [FullName], [ProfilePic], [ICNo], [DateOfBirth], [Gender], [PhoneNo], [Email], [Address], [JoinDate], [Status], [CreateDate], [LastUpdateDate], [ParentGUID], [ClassroomGUID]) VALUES (N'60a9f3ba-ad4e-4a72-9c85-c80f5185c5fe', N's1019', N'pojZ9nX5yNS4CWglJ+xm8QsfdByCIsa4ppKY4NS48Fo=', N'Danya Balmforth', N'profilepic', N'630964638660', N'2005-11-01', N'Female', N'321413276 ', N'kbrockleyi@mtv.com', N'36 Gerald Crossing', N'2021-10-14', N'Active', N'2021-10-14 18:22:01', N'2021-10-14 18:22:01', N'9383135b-5864-47a7-be21-a292c499388e', N'2d6f7e36-2653-43d5-9999-6b10b54d6a08')
INSERT INTO [dbo].[Student] ([StudentGUID], [StudentUserID], [Password], [FullName], [ProfilePic], [ICNo], [DateOfBirth], [Gender], [PhoneNo], [Email], [Address], [JoinDate], [Status], [CreateDate], [LastUpdateDate], [ParentGUID], [ClassroomGUID]) VALUES (N'a0f94258-34c4-4a0d-81d2-c85e3c5b03ad', N's1003', N'pojZ9nX5yNS4CWglJ+xm8QsfdByCIsa4ppKY4NS48Fo=', N'Ulrike Chittem', N'profilepic', N'815980011883', N'2005-10-16', N'Female', N'362527069 ', N'rbambridge2@virginia.edu', N'44015 Dakota Crossing', N'2021-10-14', N'Active', N'2021-10-14 18:22:01', N'2021-10-14 18:22:01', N'07f015d9-6149-4a1e-8f82-9cc45fdbd446', N'e15840c5-11ca-424f-a0fe-140a77a37577')
INSERT INTO [dbo].[Student] ([StudentGUID], [StudentUserID], [Password], [FullName], [ProfilePic], [ICNo], [DateOfBirth], [Gender], [PhoneNo], [Email], [Address], [JoinDate], [Status], [CreateDate], [LastUpdateDate], [ParentGUID], [ClassroomGUID]) VALUES (N'43e2ca33-0411-42cb-95ae-c977e7da4c90', N's1012', N'pojZ9nX5yNS4CWglJ+xm8QsfdByCIsa4ppKY4NS48Fo=', N'Bert Pieter', N'profilepic', N'149924378437', N'2005-10-25', N'Male', N'342920533 ', N'ftunsleyb@netlog.com', N'7836 Bonner Hill', N'2021-10-14', N'Active', N'2021-10-14 18:22:01', N'2021-10-14 18:22:01', N'd4e6936d-10f6-4878-acf7-b7390ca066a0', N'9e41551e-c3a6-4d0e-92db-dfc326b5a34e')
INSERT INTO [dbo].[Student] ([StudentGUID], [StudentUserID], [Password], [FullName], [ProfilePic], [ICNo], [DateOfBirth], [Gender], [PhoneNo], [Email], [Address], [JoinDate], [Status], [CreateDate], [LastUpdateDate], [ParentGUID], [ClassroomGUID]) VALUES (N'9739077b-e7dd-4348-bb10-cbd17eb3ae7b', N's1040', N'pojZ9nX5yNS4CWglJ+xm8QsfdByCIsa4ppKY4NS48Fo=', N'Royal Semens', N'profilepic', N'32357525828 ', N'2005-11-22', N'Female', N'321615953 ', N'vfairholme13@tripod.com', N'72420 Superior Center', N'2021-10-14', N'Active', N'2021-10-14 18:22:01', N'2021-10-14 18:22:01', N'a6e763ec-2c2e-45fe-b654-d4ec502c4744', N'a8ef76d3-10c4-43d5-bfc0-4d5c0b976caf')
INSERT INTO [dbo].[Student] ([StudentGUID], [StudentUserID], [Password], [FullName], [ProfilePic], [ICNo], [DateOfBirth], [Gender], [PhoneNo], [Email], [Address], [JoinDate], [Status], [CreateDate], [LastUpdateDate], [ParentGUID], [ClassroomGUID]) VALUES (N'd1711380-8fc9-4981-8c64-ccc57d58cf2b', N's1072', N'pojZ9nX5yNS4CWglJ+xm8QsfdByCIsa4ppKY4NS48Fo=', N'Felic Hamlet', N'profilepic', N'109830493977', N'2005-12-24', N'Female', N'377840741 ', N'wdooland1z@cocolog-nifty.com', N'071 West Street', N'2021-10-14', N'Active', N'2021-10-14 18:22:01', N'2021-10-14 18:22:01', N'34f19445-af91-41d0-9355-b84d316ddd17', N'4dda573d-7651-4705-bafc-93f99f24bf8a')
INSERT INTO [dbo].[Student] ([StudentGUID], [StudentUserID], [Password], [FullName], [ProfilePic], [ICNo], [DateOfBirth], [Gender], [PhoneNo], [Email], [Address], [JoinDate], [Status], [CreateDate], [LastUpdateDate], [ParentGUID], [ClassroomGUID]) VALUES (N'd202ec59-5a25-44c3-a146-cd6a4bb08486', N's1099', N'pojZ9nX5yNS4CWglJ+xm8QsfdByCIsa4ppKY4NS48Fo=', N'Arline Stanislaw', N'profilepic', N'598956974954', N'2006-01-20', N'Male', N'321645066 ', N'wgambell2q@printfriendly.com', N'815 Holy Cross Drive', N'2021-10-14', N'Active', N'2021-10-14 18:22:01', N'2021-10-14 18:22:01', N'469984af-8e5a-4bca-850a-352eb3ec5985', N'3ef6e7a9-5169-443e-902e-bc8017eb9f33')
INSERT INTO [dbo].[Student] ([StudentGUID], [StudentUserID], [Password], [FullName], [ProfilePic], [ICNo], [DateOfBirth], [Gender], [PhoneNo], [Email], [Address], [JoinDate], [Status], [CreateDate], [LastUpdateDate], [ParentGUID], [ClassroomGUID]) VALUES (N'8a9615c7-52b2-4f8a-8da7-ce294d15d2ee', N's1092', N'pojZ9nX5yNS4CWglJ+xm8QsfdByCIsa4ppKY4NS48Fo=', N'Vi Gilbey', N'profilepic', N'558831164827', N'2006-01-13', N'Male', N'377293820 ', N'bames2j@ucoz.ru', N'4531 Chive Crossing', N'2021-10-14', N'Active', N'2021-10-14 18:22:01', N'2021-10-14 18:22:01', N'af407685-8477-47d7-914d-762188c5e4b8', N'bac4cb27-4e5d-43b4-960c-8bd116dbec87')
INSERT INTO [dbo].[Student] ([StudentGUID], [StudentUserID], [Password], [FullName], [ProfilePic], [ICNo], [DateOfBirth], [Gender], [PhoneNo], [Email], [Address], [JoinDate], [Status], [CreateDate], [LastUpdateDate], [ParentGUID], [ClassroomGUID]) VALUES (N'63fdf3b3-794c-48b9-bf1d-d1aa3313fd34', N's1097', N'pojZ9nX5yNS4CWglJ+xm8QsfdByCIsa4ppKY4NS48Fo=', N'Earvin Allix', N'profilepic', N'496832548148', N'2006-01-18', N'Female', N'6083323086', N'vrosoni2o@indiegogo.com', N'724 Kipling Terrace', N'2021-10-14', N'Active', N'2021-10-14 18:22:01', N'2021-10-14 18:22:01', N'ae5f474c-c514-476b-a2cc-eb79e2ca8894', N'e15840c5-11ca-424f-a0fe-140a77a37577')
INSERT INTO [dbo].[Student] ([StudentGUID], [StudentUserID], [Password], [FullName], [ProfilePic], [ICNo], [DateOfBirth], [Gender], [PhoneNo], [Email], [Address], [JoinDate], [Status], [CreateDate], [LastUpdateDate], [ParentGUID], [ClassroomGUID]) VALUES (N'aadea4bf-1d40-411b-9c18-d23215f23118', N's1069', N'pojZ9nX5yNS4CWglJ+xm8QsfdByCIsa4ppKY4NS48Fo=', N'Neil Fort', N'profilepic', N'511007197914', N'2005-12-21', N'Female', N'326919069 ', N'mtubbs1w@vinaora.com', N'8089 Riverside Street', N'2021-10-14', N'Active', N'2021-10-14 18:22:01', N'2021-10-14 18:22:01', N'bbae9b3b-519c-4ab7-97d2-9a42098d81ba', N'3ef6e7a9-5169-443e-902e-bc8017eb9f33')
INSERT INTO [dbo].[Student] ([StudentGUID], [StudentUserID], [Password], [FullName], [ProfilePic], [ICNo], [DateOfBirth], [Gender], [PhoneNo], [Email], [Address], [JoinDate], [Status], [CreateDate], [LastUpdateDate], [ParentGUID], [ClassroomGUID]) VALUES (N'95576d14-d04d-4bef-ae91-d313defa1caf', N's1001', N'pojZ9nX5yNS4CWglJ+xm8QsfdByCIsa4ppKY4NS48Fo=', N'Fara Maruska', N'profilepic', N'825528121951', N'2005-10-14', N'Male', N'322721987 ', N'aluce0@so-net.ne.jp', N'21 2nd Parkway', N'2021-10-14', N'Active', N'2021-10-14 18:22:02', N'2021-10-14 18:22:02', N'7006e2c2-05aa-4d39-bd90-83ca696d34c6', N'4dda573d-7651-4705-bafc-93f99f24bf8a')
INSERT INTO [dbo].[Student] ([StudentGUID], [StudentUserID], [Password], [FullName], [ProfilePic], [ICNo], [DateOfBirth], [Gender], [PhoneNo], [Email], [Address], [JoinDate], [Status], [CreateDate], [LastUpdateDate], [ParentGUID], [ClassroomGUID]) VALUES (N'a7bfda9b-1086-4684-94a2-d55e3f6bc246', N's1031', N'pojZ9nX5yNS4CWglJ+xm8QsfdByCIsa4ppKY4NS48Fo=', N'Esther Fain', N'profilepic', N'9583989186  ', N'2005-11-13', N'Female', N'6095141993', N'acollingwoodu@360.cn', N'788 Namekagon Parkway', N'2021-10-14', N'Active', N'2021-10-14 18:22:01', N'2021-10-14 18:22:01', N'24376f8d-aef9-4d0c-acaf-16365efe5cc4', N'2d6f7e36-2653-43d5-9999-6b10b54d6a08')
INSERT INTO [dbo].[Student] ([StudentGUID], [StudentUserID], [Password], [FullName], [ProfilePic], [ICNo], [DateOfBirth], [Gender], [PhoneNo], [Email], [Address], [JoinDate], [Status], [CreateDate], [LastUpdateDate], [ParentGUID], [ClassroomGUID]) VALUES (N'390d8d74-e6da-4275-b90e-d7136ded9a95', N's1032', N'pojZ9nX5yNS4CWglJ+xm8QsfdByCIsa4ppKY4NS48Fo=', N'Loree Flaws', N'profilepic', N'522940284407', N'2005-11-14', N'Male', N'379543029 ', N'afriedenbachv@whitehouse.gov', N'664 Main Hill', N'2021-10-14', N'Active', N'2021-10-14 18:22:01', N'2021-10-14 18:22:01', N'3330da03-c5d7-4482-b1d4-b7f9dbd8c7f1', N'3ef6e7a9-5169-443e-902e-bc8017eb9f33')
INSERT INTO [dbo].[Student] ([StudentGUID], [StudentUserID], [Password], [FullName], [ProfilePic], [ICNo], [DateOfBirth], [Gender], [PhoneNo], [Email], [Address], [JoinDate], [Status], [CreateDate], [LastUpdateDate], [ParentGUID], [ClassroomGUID]) VALUES (N'2909ff3e-031c-469c-9184-d88ec59d76b2', N's1079', N'pojZ9nX5yNS4CWglJ+xm8QsfdByCIsa4ppKY4NS48Fo=', N'Gale Sheehan', N'profilepic', N'956806444100', N'2005-12-31', N'Female', N'6069515801', N'fwalter26@xing.com', N'7918 Schiller Plaza', N'2021-10-14', N'Active', N'2021-10-14 18:22:01', N'2021-10-14 18:22:01', N'c8293776-e5e2-421d-9f2e-ba5003b58706', N'9e41551e-c3a6-4d0e-92db-dfc326b5a34e')
INSERT INTO [dbo].[Student] ([StudentGUID], [StudentUserID], [Password], [FullName], [ProfilePic], [ICNo], [DateOfBirth], [Gender], [PhoneNo], [Email], [Address], [JoinDate], [Status], [CreateDate], [LastUpdateDate], [ParentGUID], [ClassroomGUID]) VALUES (N'023a7659-461a-4a5e-b7ac-dc39c39f5855', N's1023', N'pojZ9nX5yNS4CWglJ+xm8QsfdByCIsa4ppKY4NS48Fo=', N'Wait Hatchell', N'profilepic', N'882735515704', N'2005-11-05', N'Female', N'378776901 ', N'mwrettumm@hubpages.com', N'44 Hollow Ridge Circle', N'2021-10-14', N'Active', N'2021-10-14 18:22:01', N'2021-10-14 18:22:01', N'a0e0bcb6-01a4-4d65-a41a-7f1f469c3a87', N'4e9a26ee-cb91-4650-8d1c-b2156970bafb')
INSERT INTO [dbo].[Student] ([StudentGUID], [StudentUserID], [Password], [FullName], [ProfilePic], [ICNo], [DateOfBirth], [Gender], [PhoneNo], [Email], [Address], [JoinDate], [Status], [CreateDate], [LastUpdateDate], [ParentGUID], [ClassroomGUID]) VALUES (N'64937c2a-6226-44ff-8014-dda7c4f4786f', N's1038', N'pojZ9nX5yNS4CWglJ+xm8QsfdByCIsa4ppKY4NS48Fo=', N'Wallis Baudi', N'profilepic', N'830328324309', N'2005-11-20', N'Female', N'321415898 ', N'lpasse11@parallels.com', N'50 Nancy Crossing', N'2021-10-14', N'Active', N'2021-10-14 18:22:01', N'2021-10-14 18:22:01', N'7589a122-9cf5-423c-a768-1817884061b6', N'e15840c5-11ca-424f-a0fe-140a77a37577')
INSERT INTO [dbo].[Student] ([StudentGUID], [StudentUserID], [Password], [FullName], [ProfilePic], [ICNo], [DateOfBirth], [Gender], [PhoneNo], [Email], [Address], [JoinDate], [Status], [CreateDate], [LastUpdateDate], [ParentGUID], [ClassroomGUID]) VALUES (N'fef49e6c-6558-4a10-9279-de8e4b539cec', N's1093', N'pojZ9nX5yNS4CWglJ+xm8QsfdByCIsa4ppKY4NS48Fo=', N'Torey Higgoe', N'profilepic', N'600963406516', N'2006-01-14', N'Male', N'331341109 ', N'jcount2k@sourceforge.net', N'19892 Main Pass', N'2021-10-14', N'Active', N'2021-10-14 18:22:01', N'2021-10-14 18:22:01', N'c4028f67-3059-48b1-893e-b0361de430bc', N'bac4cb27-4e5d-43b4-960c-8bd116dbec87')
INSERT INTO [dbo].[Student] ([StudentGUID], [StudentUserID], [Password], [FullName], [ProfilePic], [ICNo], [DateOfBirth], [Gender], [PhoneNo], [Email], [Address], [JoinDate], [Status], [CreateDate], [LastUpdateDate], [ParentGUID], [ClassroomGUID]) VALUES (N'ccd5d179-2d39-408a-8179-ed4220454ca1', N's1094', N'pojZ9nX5yNS4CWglJ+xm8QsfdByCIsa4ppKY4NS48Fo=', N'Corabelle Newborn', N'profilepic', N'635781633147', N'2006-01-15', N'Female', N'390585553 ', N'cdifrancecshi2l@blogspot.com', N'165 Lerdahl Court', N'2021-10-14', N'Active', N'2021-10-14 18:22:01', N'2021-10-14 18:22:01', N'f5503e79-e1a1-408c-aadf-2c7b71ec3126', N'3ef6e7a9-5169-443e-902e-bc8017eb9f33')
INSERT INTO [dbo].[Student] ([StudentGUID], [StudentUserID], [Password], [FullName], [ProfilePic], [ICNo], [DateOfBirth], [Gender], [PhoneNo], [Email], [Address], [JoinDate], [Status], [CreateDate], [LastUpdateDate], [ParentGUID], [ClassroomGUID]) VALUES (N'3a4264c3-acbe-40de-a4a9-efd82d5d3845', N's1045', N'pojZ9nX5yNS4CWglJ+xm8QsfdByCIsa4ppKY4NS48Fo=', N'Garwin Gofforth', N'profilepic', N'141830596511', N'2005-11-27', N'Female', N'387339220 ', N'dalbertson18@omniture.com', N'8 Wayridge Alley', N'2021-10-14', N'Active', N'2021-10-14 18:22:01', N'2021-10-14 18:22:01', N'ae2529d0-d278-42ac-bd7c-d31c13807bf9', N'3ef6e7a9-5169-443e-902e-bc8017eb9f33')
INSERT INTO [dbo].[Student] ([StudentGUID], [StudentUserID], [Password], [FullName], [ProfilePic], [ICNo], [DateOfBirth], [Gender], [PhoneNo], [Email], [Address], [JoinDate], [Status], [CreateDate], [LastUpdateDate], [ParentGUID], [ClassroomGUID]) VALUES (N'a27e8465-4fd1-4d32-8f4e-f161121ff025', N's1058', N'pojZ9nX5yNS4CWglJ+xm8QsfdByCIsa4ppKY4NS48Fo=', N'Darby Outhwaite', N'profilepic', N'668109617161', N'2005-12-10', N'Male', N'326926533 ', N'souslem1l@techcrunch.com', N'75 Knutson Junction', N'2021-10-14', N'Active', N'2021-10-14 18:22:01', N'2021-10-14 18:22:01', N'bc1a9edf-2f73-404f-81fd-939d01590ebf', N'2fb70337-308e-4fff-88b8-0da7ed93b056')
INSERT INTO [dbo].[Student] ([StudentGUID], [StudentUserID], [Password], [FullName], [ProfilePic], [ICNo], [DateOfBirth], [Gender], [PhoneNo], [Email], [Address], [JoinDate], [Status], [CreateDate], [LastUpdateDate], [ParentGUID], [ClassroomGUID]) VALUES (N'f8f2a26e-9b47-4ed5-8b4f-f6d4d5fcea7f', N's1076', N'pojZ9nX5yNS4CWglJ+xm8QsfdByCIsa4ppKY4NS48Fo=', N'Flss Ginger', N'profilepic', N'263067333939', N'2005-12-28', N'Male', N'362582472 ', N'lvondra23@lulu.com', N'68384 Welch Point', N'2021-10-14', N'Active', N'2021-10-14 18:22:01', N'2021-10-14 18:22:01', N'469984af-8e5a-4bca-850a-352eb3ec5985', N'4dda573d-7651-4705-bafc-93f99f24bf8a')
INSERT INTO [dbo].[Student] ([StudentGUID], [StudentUserID], [Password], [FullName], [ProfilePic], [ICNo], [DateOfBirth], [Gender], [PhoneNo], [Email], [Address], [JoinDate], [Status], [CreateDate], [LastUpdateDate], [ParentGUID], [ClassroomGUID]) VALUES (N'77164e12-b887-4a23-8b7b-f8f9518e92ae', N's1052', N'pojZ9nX5yNS4CWglJ+xm8QsfdByCIsa4ppKY4NS48Fo=', N'Rebecka Beddoe', N'profilepic', N'429943158234', N'2005-12-04', N'Male', N'6095819240', N'cmcclary1f@globo.com', N'1 Merry Pass', N'2021-10-14', N'Active', N'2021-10-14 18:22:01', N'2021-10-14 18:22:01', N'22b83373-bd77-459a-8449-64d2fbe4d06b', N'bac4cb27-4e5d-43b4-960c-8bd116dbec87')
INSERT INTO [dbo].[Student] ([StudentGUID], [StudentUserID], [Password], [FullName], [ProfilePic], [ICNo], [DateOfBirth], [Gender], [PhoneNo], [Email], [Address], [JoinDate], [Status], [CreateDate], [LastUpdateDate], [ParentGUID], [ClassroomGUID]) VALUES (N'bb9d7554-ca32-416e-944d-fa721b5c7e95', N's1028', N'pojZ9nX5yNS4CWglJ+xm8QsfdByCIsa4ppKY4NS48Fo=', N'Ardys Mitchenson', N'profilepic', N'297711664785', N'2005-11-10', N'Female', N'362016388 ', N'ztomesr@cmu.edu', N'89 Laurel Park', N'2021-10-14', N'Active', N'2021-10-14 18:22:01', N'2021-10-14 18:22:01', N'a75d2046-d990-4ece-b3ef-41c56453e18d', N'e15840c5-11ca-424f-a0fe-140a77a37577')

INSERT INTO [dbo].[Teacher] ([TeacherGUID], [TeacherUserID], [Password], [FullName], [ProfilePic], [ICNo], [DateOfBirth], [Gender], [PhoneNo], [Email], [Address], [JoinDate], [Status], [CreateDate], [LastUpdateDate]) VALUES (N'ef55bec8-999c-462c-9b70-04605dba76fb', N't1026', N'pojZ9nX5yNS4CWglJ+xm8QsfdByCIsa4ppKY4NS48Fo=', N'Antons Hazell', NULL, N'122142556210', N'1990-11-08', N'Female', N'6096971164 ', N'ecopestickp@so-net.ne.jp', N'371 Loftsgordon Trail', N'2021-11-08', N'Active', N'2021-10-14 18:22:01', N'2021-10-14 18:22:01')
INSERT INTO [dbo].[Teacher] ([TeacherGUID], [TeacherUserID], [Password], [FullName], [ProfilePic], [ICNo], [DateOfBirth], [Gender], [PhoneNo], [Email], [Address], [JoinDate], [Status], [CreateDate], [LastUpdateDate]) VALUES (N'24b5b213-5a0e-4af0-b44e-080cc811f57a', N't1017', N'pojZ9nX5yNS4CWglJ+xm8QsfdByCIsa4ppKY4NS48Fo=', N'Vassily Swapp', NULL, N'443597976937', N'1990-10-30', N'Male', N'6044210008 ', N'nferieg@cam.ac.uk', N'71 Magdeline Plaza', N'2021-10-30', N'Active', N'2021-10-14 18:22:01', N'2021-10-14 18:22:01')
INSERT INTO [dbo].[Teacher] ([TeacherGUID], [TeacherUserID], [Password], [FullName], [ProfilePic], [ICNo], [DateOfBirth], [Gender], [PhoneNo], [Email], [Address], [JoinDate], [Status], [CreateDate], [LastUpdateDate]) VALUES (N'6066422a-9d4f-4cfb-a1dd-17013b2f5a99', N't1025', N'pojZ9nX5yNS4CWglJ+xm8QsfdByCIsa4ppKY4NS48Fo=', N'Vonnie Akister', NULL, N'257485808487', N'1990-11-07', N'Female', N'321416822  ', N'hmacleseo@google.fr', N'03 Brickson Park Avenue', N'2021-11-07', N'Active', N'2021-10-14 18:22:01', N'2021-10-14 18:22:01')
INSERT INTO [dbo].[Teacher] ([TeacherGUID], [TeacherUserID], [Password], [FullName], [ProfilePic], [ICNo], [DateOfBirth], [Gender], [PhoneNo], [Email], [Address], [JoinDate], [Status], [CreateDate], [LastUpdateDate]) VALUES (N'b32ae701-c25c-4ba0-bfa7-1eb4a95878e5', N't1016', N'pojZ9nX5yNS4CWglJ+xm8QsfdByCIsa4ppKY4NS48Fo=', N'Eolanda Ellse', NULL, N'773280415329', N'1990-10-29', N'Female', N'362751265  ', N'cwesthofff@shop-pro.jp', N'9744 Clove Court', N'2021-10-29', N'Active', N'2021-10-14 18:22:01', N'2021-10-14 18:22:01')
INSERT INTO [dbo].[Teacher] ([TeacherGUID], [TeacherUserID], [Password], [FullName], [ProfilePic], [ICNo], [DateOfBirth], [Gender], [PhoneNo], [Email], [Address], [JoinDate], [Status], [CreateDate], [LastUpdateDate]) VALUES (N'74445cea-d050-4e94-b279-2a10041f8df0', N't1013', N'pojZ9nX5yNS4CWglJ+xm8QsfdByCIsa4ppKY4NS48Fo=', N'Ogden Took', NULL, N'460430408289', N'1990-10-26', N'Male', N'320312338  ', N'dsandomc@google.fr', N'0 Cambridge Way', N'2021-10-26', N'Active', N'2021-10-14 18:22:01', N'2021-10-14 18:22:01')
INSERT INTO [dbo].[Teacher] ([TeacherGUID], [TeacherUserID], [Password], [FullName], [ProfilePic], [ICNo], [DateOfBirth], [Gender], [PhoneNo], [Email], [Address], [JoinDate], [Status], [CreateDate], [LastUpdateDate]) VALUES (N'779aa09a-ec8f-49c8-9be4-2a95061baede', N't1022', N'pojZ9nX5yNS4CWglJ+xm8QsfdByCIsa4ppKY4NS48Fo=', N'Cloe Cressy', NULL, N'554766506767', N'1990-11-04', N'Female', N'326916049  ', N'dgoadbiel@hugedomains.com', N'3063 Rieder Circle', N'2021-11-04', N'Active', N'2021-10-14 18:22:01', N'2021-10-14 18:22:01')
INSERT INTO [dbo].[Teacher] ([TeacherGUID], [TeacherUserID], [Password], [FullName], [ProfilePic], [ICNo], [DateOfBirth], [Gender], [PhoneNo], [Email], [Address], [JoinDate], [Status], [CreateDate], [LastUpdateDate]) VALUES (N'54105440-639b-4a62-a4dd-2b8389cb39db', N't1018', N'pojZ9nX5yNS4CWglJ+xm8QsfdByCIsa4ppKY4NS48Fo=', N'Costa Popescu', NULL, N'998388192433', N'1990-10-31', N'Male', N'362728416  ', N'kmarlowh@biblegateway.com', N'3 Holy Cross Point', N'2021-10-31', N'Active', N'2021-10-14 18:22:01', N'2021-10-14 18:22:01')
INSERT INTO [dbo].[Teacher] ([TeacherGUID], [TeacherUserID], [Password], [FullName], [ProfilePic], [ICNo], [DateOfBirth], [Gender], [PhoneNo], [Email], [Address], [JoinDate], [Status], [CreateDate], [LastUpdateDate]) VALUES (N'e1ba9e7d-b545-4f90-8dbf-3225082df81f', N't1019', N'pojZ9nX5yNS4CWglJ+xm8QsfdByCIsa4ppKY4NS48Fo=', N'Drud Kemster', NULL, N'630964638660', N'1990-11-01', N'Male', N'321413276  ', N'kbrockleyi@mtv.com', N'36 Gerald Crossing', N'2021-11-01', N'Active', N'2021-10-14 18:22:01', N'2021-10-14 18:22:01')
INSERT INTO [dbo].[Teacher] ([TeacherGUID], [TeacherUserID], [Password], [FullName], [ProfilePic], [ICNo], [DateOfBirth], [Gender], [PhoneNo], [Email], [Address], [JoinDate], [Status], [CreateDate], [LastUpdateDate]) VALUES (N'd91bddb5-eefa-4d6b-a61f-3f6efee8e7fc', N't1010', N'pojZ9nX5yNS4CWglJ+xm8QsfdByCIsa4ppKY4NS48Fo=', N'Veronica Hinkens', NULL, N'839437564607', N'1990-10-23', N'Male', N'322843409  ', N'lrelton9@spotify.com', N'66229 Stone Corner Plaza', N'2021-10-23', N'Active', N'2021-10-14 18:22:01', N'2021-10-14 18:22:01')
INSERT INTO [dbo].[Teacher] ([TeacherGUID], [TeacherUserID], [Password], [FullName], [ProfilePic], [ICNo], [DateOfBirth], [Gender], [PhoneNo], [Email], [Address], [JoinDate], [Status], [CreateDate], [LastUpdateDate]) VALUES (N'0c104dd5-7b85-4833-9e96-4786d6eb0ce7', N't1004', N'pojZ9nX5yNS4CWglJ+xm8QsfdByCIsa4ppKY4NS48Fo=', N'Elianora Crews', NULL, N'672267438816', N'1990-10-17', N'Female', N'356310558  ', N'glippiett3@woothemes.com', N'9 Warner Crossing', N'2021-10-17', N'Active', N'2021-10-14 18:22:01', N'2021-10-14 18:22:01')
INSERT INTO [dbo].[Teacher] ([TeacherGUID], [TeacherUserID], [Password], [FullName], [ProfilePic], [ICNo], [DateOfBirth], [Gender], [PhoneNo], [Email], [Address], [JoinDate], [Status], [CreateDate], [LastUpdateDate]) VALUES (N'86d21ea4-fbc4-42a4-9f1b-5377fab53d0e', N't1007', N'pojZ9nX5yNS4CWglJ+xm8QsfdByCIsa4ppKY4NS48Fo=', N'Ferris Ocheltree', NULL, N'363435605906', N'1990-10-20', N'Female', N'321633423  ', N'rtopliss6@nature.com', N'75686 Scoville Crossing', N'2021-10-20', N'Active', N'2021-10-14 18:22:01', N'2021-10-14 18:22:01')
INSERT INTO [dbo].[Teacher] ([TeacherGUID], [TeacherUserID], [Password], [FullName], [ProfilePic], [ICNo], [DateOfBirth], [Gender], [PhoneNo], [Email], [Address], [JoinDate], [Status], [CreateDate], [LastUpdateDate]) VALUES (N'b1d85a65-6262-4e0b-8b3c-74bc8ec22c29', N't1014', N'pojZ9nX5yNS4CWglJ+xm8QsfdByCIsa4ppKY4NS48Fo=', N'Ericka Hutsby', NULL, N'734236265828', N'1990-10-27', N'Female', N'340236178  ', N'fhartfordd@nba.com', N'385 Forster Circle', N'2021-10-27', N'Active', N'2021-10-14 18:22:01', N'2021-10-14 18:22:01')
INSERT INTO [dbo].[Teacher] ([TeacherGUID], [TeacherUserID], [Password], [FullName], [ProfilePic], [ICNo], [DateOfBirth], [Gender], [PhoneNo], [Email], [Address], [JoinDate], [Status], [CreateDate], [LastUpdateDate]) VALUES (N'48e38da8-4a7b-484a-9019-76619d9471d3', N't1015', N'pojZ9nX5yNS4CWglJ+xm8QsfdByCIsa4ppKY4NS48Fo=', N'Paolina Jeannin', NULL, N'674601879139', N'1990-10-28', N'Female', N'6086311372 ', N'mpavlenkove@fotki.com', N'84 Rockefeller Junction', N'2021-10-28', N'Active', N'2021-10-14 18:22:01', N'2021-10-14 18:22:01')
INSERT INTO [dbo].[Teacher] ([TeacherGUID], [TeacherUserID], [Password], [FullName], [ProfilePic], [ICNo], [DateOfBirth], [Gender], [PhoneNo], [Email], [Address], [JoinDate], [Status], [CreateDate], [LastUpdateDate]) VALUES (N'3142d63c-3abe-4b3a-a8a4-7af4da0717c7', N't1020', N'pojZ9nX5yNS4CWglJ+xm8QsfdByCIsa4ppKY4NS48Fo=', N'Danella Alcock', NULL, N'930579120818', N'1990-11-02', N'Male', N'378738755  ', N'astattonj@youtube.com', N'71972 Superior Avenue', N'2021-11-02', N'Active', N'2021-10-14 18:22:01', N'2021-10-14 18:22:01')
INSERT INTO [dbo].[Teacher] ([TeacherGUID], [TeacherUserID], [Password], [FullName], [ProfilePic], [ICNo], [DateOfBirth], [Gender], [PhoneNo], [Email], [Address], [JoinDate], [Status], [CreateDate], [LastUpdateDate]) VALUES (N'da88dc52-f907-44ce-9e77-87863e60e0f1', N't1009', N'pojZ9nX5yNS4CWglJ+xm8QsfdByCIsa4ppKY4NS48Fo=', N'Dulcea Iskowicz', NULL, N'164420126225', N'1990-10-22', N'Male', N'333738870  ', N'dweddell8@imdb.com', N'2745 Lake View Hill', N'2021-10-22', N'Active', N'2021-10-14 18:22:01', N'2021-10-14 18:22:01')
INSERT INTO [dbo].[Teacher] ([TeacherGUID], [TeacherUserID], [Password], [FullName], [ProfilePic], [ICNo], [DateOfBirth], [Gender], [PhoneNo], [Email], [Address], [JoinDate], [Status], [CreateDate], [LastUpdateDate]) VALUES (N'69e78902-e006-41fa-bcee-88a03c3fa5f2', N't1028', N'pojZ9nX5yNS4CWglJ+xm8QsfdByCIsa4ppKY4NS48Fo=', N'Benson Squibbs', NULL, N'297711664785', N'1990-11-10', N'Female', N'362016388  ', N'ztomesr@cmu.edu', N'89 Laurel Park', N'2021-11-10', N'Active', N'2021-10-14 18:22:01', N'2021-10-14 18:22:01')
INSERT INTO [dbo].[Teacher] ([TeacherGUID], [TeacherUserID], [Password], [FullName], [ProfilePic], [ICNo], [DateOfBirth], [Gender], [PhoneNo], [Email], [Address], [JoinDate], [Status], [CreateDate], [LastUpdateDate]) VALUES (N'c6c261a7-5da9-46df-9bb8-89cf3093e4d9', N't1021', N'pojZ9nX5yNS4CWglJ+xm8QsfdByCIsa4ppKY4NS48Fo=', N'Claudia Marcum', NULL, N'666880470587', N'1990-11-03', N'Male', N'6042299876 ', N'hrapseyk@tmall.com', N'5164 Springview Hill', N'2021-11-03', N'Active', N'2021-10-14 18:22:01', N'2021-10-14 18:22:01')
INSERT INTO [dbo].[Teacher] ([TeacherGUID], [TeacherUserID], [Password], [FullName], [ProfilePic], [ICNo], [DateOfBirth], [Gender], [PhoneNo], [Email], [Address], [JoinDate], [Status], [CreateDate], [LastUpdateDate]) VALUES (N'11cac8b5-9b1e-4ed4-80f9-9956b7f395e9', N't1002', N'pojZ9nX5yNS4CWglJ+xm8QsfdByCIsa4ppKY4NS48Fo=', N'Fidel O''Mohun', NULL, N'29890947117 ', N'1990-10-15', N'Female', N'392227925  ', N'eluscombe1@example.com', N'96 Homewood Way', N'2021-10-15', N'Active', N'2021-10-14 18:22:02', N'2021-10-14 18:22:02')
INSERT INTO [dbo].[Teacher] ([TeacherGUID], [TeacherUserID], [Password], [FullName], [ProfilePic], [ICNo], [DateOfBirth], [Gender], [PhoneNo], [Email], [Address], [JoinDate], [Status], [CreateDate], [LastUpdateDate]) VALUES (N'3c92d56d-6dba-41b5-bb69-9b20a0d9f369', N't1008', N'pojZ9nX5yNS4CWglJ+xm8QsfdByCIsa4ppKY4NS48Fo=', N'Lem Impy', NULL, N'678080890793', N'1990-10-21', N'Male', N'392817562  ', N'mardling7@blog.com', N'32094 Doe Crossing Park', N'2021-10-21', N'Active', N'2021-10-14 18:22:01', N'2021-10-14 18:22:01')
INSERT INTO [dbo].[Teacher] ([TeacherGUID], [TeacherUserID], [Password], [FullName], [ProfilePic], [ICNo], [DateOfBirth], [Gender], [PhoneNo], [Email], [Address], [JoinDate], [Status], [CreateDate], [LastUpdateDate]) VALUES (N'32b7e377-b746-4750-816c-9d45d23fd96d', N't1005', N'pojZ9nX5yNS4CWglJ+xm8QsfdByCIsa4ppKY4NS48Fo=', N'Timotheus Slisby', NULL, N'610502491139', N'1990-10-18', N'Female', N'333730170  ', N'adragge4@ftc.gov', N'015 Larry Crossing', N'2021-10-18', N'Active', N'2021-10-14 18:22:01', N'2021-10-14 18:22:01')
INSERT INTO [dbo].[Teacher] ([TeacherGUID], [TeacherUserID], [Password], [FullName], [ProfilePic], [ICNo], [DateOfBirth], [Gender], [PhoneNo], [Email], [Address], [JoinDate], [Status], [CreateDate], [LastUpdateDate]) VALUES (N'8469e1f9-8f87-4567-8d88-a05368d58275', N't1003', N'pojZ9nX5yNS4CWglJ+xm8QsfdByCIsa4ppKY4NS48Fo=', N'Brewster Vacher', NULL, N'815980011883', N'1990-10-16', N'Female', N'362527069  ', N'rbambridge2@virginia.edu', N'44015 Dakota Crossing', N'2021-10-16', N'Active', N'2021-10-14 18:22:01', N'2021-10-14 18:22:01')
INSERT INTO [dbo].[Teacher] ([TeacherGUID], [TeacherUserID], [Password], [FullName], [ProfilePic], [ICNo], [DateOfBirth], [Gender], [PhoneNo], [Email], [Address], [JoinDate], [Status], [CreateDate], [LastUpdateDate]) VALUES (N'6e74fe2b-992f-4d75-b0bd-b3cf4c0e756e', N't1029', N'pojZ9nX5yNS4CWglJ+xm8QsfdByCIsa4ppKY4NS48Fo=', N'Donnamarie MacConnel', NULL, N'509151626068', N'1990-11-11', N'Female', N'356375196  ', N'rkirsopps@biblegateway.com', N'3 3rd Place', N'2021-11-11', N'Active', N'2021-10-14 18:22:01', N'2021-10-14 18:22:01')
INSERT INTO [dbo].[Teacher] ([TeacherGUID], [TeacherUserID], [Password], [FullName], [ProfilePic], [ICNo], [DateOfBirth], [Gender], [PhoneNo], [Email], [Address], [JoinDate], [Status], [CreateDate], [LastUpdateDate]) VALUES (N'02175390-462f-473f-8025-b72a769b69ef', N't1027', N'pojZ9nX5yNS4CWglJ+xm8QsfdByCIsa4ppKY4NS48Fo=', N'Chrystel Dowzell', NULL, N'461349021128', N'1990-11-09', N'Female', N'321457050  ', N'lskewesq@qq.com', N'6 Monterey Center', N'2021-11-09', N'Active', N'2021-10-14 18:22:01', N'2021-10-14 18:22:01')
INSERT INTO [dbo].[Teacher] ([TeacherGUID], [TeacherUserID], [Password], [FullName], [ProfilePic], [ICNo], [DateOfBirth], [Gender], [PhoneNo], [Email], [Address], [JoinDate], [Status], [CreateDate], [LastUpdateDate]) VALUES (N'fec94c29-6cdd-44c4-a64f-b8ad36579bfa', N't1024', N'pojZ9nX5yNS4CWglJ+xm8QsfdByCIsa4ppKY4NS48Fo=', N'Curran Toon', NULL, N'577422313738', N'1990-11-06', N'Female', N'362533727  ', N'asmalen@bandcamp.com', N'6587 Trailsway Center', N'2021-11-06', N'Active', N'2021-10-14 18:22:01', N'2021-10-14 18:22:01')
INSERT INTO [dbo].[Teacher] ([TeacherGUID], [TeacherUserID], [Password], [FullName], [ProfilePic], [ICNo], [DateOfBirth], [Gender], [PhoneNo], [Email], [Address], [JoinDate], [Status], [CreateDate], [LastUpdateDate]) VALUES (N'f1e17366-c11e-433c-8911-c304bfd4423b', N't1011', N'pojZ9nX5yNS4CWglJ+xm8QsfdByCIsa4ppKY4NS48Fo=', N'Sigrid Bidwell', NULL, N'52584762833 ', N'1990-10-24', N'Male', N'342922522  ', N'tcrouxa@google.com', N'2 Stang Court', N'2021-10-24', N'Active', N'2021-10-14 18:22:01', N'2021-10-14 18:22:01')
INSERT INTO [dbo].[Teacher] ([TeacherGUID], [TeacherUserID], [Password], [FullName], [ProfilePic], [ICNo], [DateOfBirth], [Gender], [PhoneNo], [Email], [Address], [JoinDate], [Status], [CreateDate], [LastUpdateDate]) VALUES (N'765043c8-fa56-48f9-9c04-c510ea646af1', N't1023', N'pojZ9nX5yNS4CWglJ+xm8QsfdByCIsa4ppKY4NS48Fo=', N'Jethro Hebblewaite', NULL, N'882735515704', N'1990-11-05', N'Female', N'378776901  ', N'mwrettumm@hubpages.com', N'44 Hollow Ridge Circle', N'2021-11-05', N'Active', N'2021-10-14 18:22:01', N'2021-10-14 18:22:01')
INSERT INTO [dbo].[Teacher] ([TeacherGUID], [TeacherUserID], [Password], [FullName], [ProfilePic], [ICNo], [DateOfBirth], [Gender], [PhoneNo], [Email], [Address], [JoinDate], [Status], [CreateDate], [LastUpdateDate]) VALUES (N'a1059236-e88f-412d-867c-d5241d7442b7', N't1006', N'pojZ9nX5yNS4CWglJ+xm8QsfdByCIsa4ppKY4NS48Fo=', N'Miof mela Bysaker', NULL, N'366844812978', N'1990-10-19', N'Male', N'362742209  ', N'awarham5@cdc.gov', N'1784 Barby Plaza', N'2021-10-19', N'Active', N'2021-10-14 18:22:01', N'2021-10-14 18:22:01')
INSERT INTO [dbo].[Teacher] ([TeacherGUID], [TeacherUserID], [Password], [FullName], [ProfilePic], [ICNo], [DateOfBirth], [Gender], [PhoneNo], [Email], [Address], [JoinDate], [Status], [CreateDate], [LastUpdateDate]) VALUES (N'f372ad58-9e2e-4e45-971b-e38690b8ce95', N't1030', N'pojZ9nX5yNS4CWglJ+xm8QsfdByCIsa4ppKY4NS48Fo=', N'Annelise McKinn', NULL, N'485528227629', N'1990-11-12', N'Female', N'379555467  ', N'dthurmant@ocn.ne.jp', N'3737 Pennsylvania Court', N'2021-11-12', N'Active', N'2021-10-14 18:22:01', N'2021-10-14 18:22:01')
INSERT INTO [dbo].[Teacher] ([TeacherGUID], [TeacherUserID], [Password], [FullName], [ProfilePic], [ICNo], [DateOfBirth], [Gender], [PhoneNo], [Email], [Address], [JoinDate], [Status], [CreateDate], [LastUpdateDate]) VALUES (N'e54b9184-873d-4d74-9567-f4452f05b769', N't1001', N'pojZ9nX5yNS4CWglJ+xm8QsfdByCIsa4ppKY4NS48Fo=', N'Chloris Cranage', NULL, N'825528121951', N'1990-10-14', N'Male', N'322721987  ', N'aluce0@so-net.ne.jp', N'21 2nd Parkway', N'2021-10-14', N'Active', N'2021-10-14 18:22:02', N'2021-10-14 18:22:02')
INSERT INTO [dbo].[Teacher] ([TeacherGUID], [TeacherUserID], [Password], [FullName], [ProfilePic], [ICNo], [DateOfBirth], [Gender], [PhoneNo], [Email], [Address], [JoinDate], [Status], [CreateDate], [LastUpdateDate]) VALUES (N'e05320af-8b5e-4da0-bd88-f9c0a34a8206', N't1012', N'pojZ9nX5yNS4CWglJ+xm8QsfdByCIsa4ppKY4NS48Fo=', N'Russ MacClure', NULL, N'149924378437', N'1990-10-25', N'Female', N'342920533  ', N'ftunsleyb@netlog.com', N'7836 Bonner Hill', N'2021-10-25', N'Active', N'2021-10-14 18:22:01', N'2021-10-14 18:22:01')

INSERT INTO [dbo].[Subject_Classroom] ([SubjectGUID], [ClassroomGUID]) VALUES (N'e3757b82-858b-4943-bfeb-045f543d0788', N'e15840c5-11ca-424f-a0fe-140a77a37577')
INSERT INTO [dbo].[Subject_Classroom] ([SubjectGUID], [ClassroomGUID]) VALUES (N'33df3d0f-716e-4eb9-896c-197814e263a3', N'e15840c5-11ca-424f-a0fe-140a77a37577')
INSERT INTO [dbo].[Subject_Classroom] ([SubjectGUID], [ClassroomGUID]) VALUES (N'98f68f5e-a407-4630-b448-2234f182e346', N'e15840c5-11ca-424f-a0fe-140a77a37577')
INSERT INTO [dbo].[Subject_Classroom] ([SubjectGUID], [ClassroomGUID]) VALUES (N'67a55427-2465-4819-817c-34662c68cc2f', N'e15840c5-11ca-424f-a0fe-140a77a37577')
INSERT INTO [dbo].[Subject_Classroom] ([SubjectGUID], [ClassroomGUID]) VALUES (N'c2014049-a5b7-4c03-b940-8b080b6eb108', N'e15840c5-11ca-424f-a0fe-140a77a37577')
INSERT INTO [dbo].[Subject_Classroom] ([SubjectGUID], [ClassroomGUID]) VALUES (N'dd7d22c4-4b67-4695-918a-c5688cd857a5', N'e15840c5-11ca-424f-a0fe-140a77a37577')
INSERT INTO [dbo].[Subject_Classroom] ([SubjectGUID], [ClassroomGUID]) VALUES (N'dab86781-2371-4cd3-9141-d285b864cc64', N'e15840c5-11ca-424f-a0fe-140a77a37577')
INSERT INTO [dbo].[Subject_Classroom] ([SubjectGUID], [ClassroomGUID]) VALUES (N'a0879683-88d5-44e4-8a77-d5d104fd8ce9', N'e15840c5-11ca-424f-a0fe-140a77a37577')
INSERT INTO [dbo].[Subject_Classroom] ([SubjectGUID], [ClassroomGUID]) VALUES (N'68284d3b-6504-4a6d-8158-0ed99b6ca606', N'e15840c5-11ca-424f-a0fe-140a77a37577')
INSERT INTO [dbo].[Subject_Classroom] ([SubjectGUID], [ClassroomGUID]) VALUES (N'e4826c38-8a4b-4829-b46e-9e55d58eaf7b', N'e15840c5-11ca-424f-a0fe-140a77a37577')
INSERT INTO [dbo].[Subject_Classroom] ([SubjectGUID], [ClassroomGUID]) VALUES (N'e3757b82-858b-4943-bfeb-045f543d0788', N'2fb70337-308e-4fff-88b8-0da7ed93b056')
INSERT INTO [dbo].[Subject_Classroom] ([SubjectGUID], [ClassroomGUID]) VALUES (N'98f68f5e-a407-4630-b448-2234f182e346', N'2fb70337-308e-4fff-88b8-0da7ed93b056')
INSERT INTO [dbo].[Subject_Classroom] ([SubjectGUID], [ClassroomGUID]) VALUES (N'67a55427-2465-4819-817c-34662c68cc2f', N'2fb70337-308e-4fff-88b8-0da7ed93b056')
INSERT INTO [dbo].[Subject_Classroom] ([SubjectGUID], [ClassroomGUID]) VALUES (N'dd7d22c4-4b67-4695-918a-c5688cd857a5', N'2fb70337-308e-4fff-88b8-0da7ed93b056')
INSERT INTO [dbo].[Subject_Classroom] ([SubjectGUID], [ClassroomGUID]) VALUES (N'0da5b899-ed72-49cd-b314-c59cb9dca57c', N'2fb70337-308e-4fff-88b8-0da7ed93b056')
INSERT INTO [dbo].[Subject_Classroom] ([SubjectGUID], [ClassroomGUID]) VALUES (N'dab86781-2371-4cd3-9141-d285b864cc64', N'2fb70337-308e-4fff-88b8-0da7ed93b056')
INSERT INTO [dbo].[Subject_Classroom] ([SubjectGUID], [ClassroomGUID]) VALUES (N'cf9b895e-0e2b-4a6f-a975-fffd5bbcc835', N'2fb70337-308e-4fff-88b8-0da7ed93b056')
INSERT INTO [dbo].[Subject_Classroom] ([SubjectGUID], [ClassroomGUID]) VALUES (N'68284d3b-6504-4a6d-8158-0ed99b6ca606', N'2fb70337-308e-4fff-88b8-0da7ed93b056')
INSERT INTO [dbo].[Subject_Classroom] ([SubjectGUID], [ClassroomGUID]) VALUES (N'e4826c38-8a4b-4829-b46e-9e55d58eaf7b', N'2fb70337-308e-4fff-88b8-0da7ed93b056')
INSERT INTO [dbo].[Subject_Classroom] ([SubjectGUID], [ClassroomGUID]) VALUES (N'ed3fe072-255e-4de9-9068-65dcefa277d1', N'2fb70337-308e-4fff-88b8-0da7ed93b056')
INSERT INTO [dbo].[Subject_Classroom] ([SubjectGUID], [ClassroomGUID]) VALUES (N'e33795fb-1e15-483e-a551-93d195ad10ef', N'2fb70337-308e-4fff-88b8-0da7ed93b056')
INSERT INTO [dbo].[Subject_Classroom] ([SubjectGUID], [ClassroomGUID]) VALUES (N'cf9b895e-0e2b-4a6f-a975-fffd5bbcc835', N'e15840c5-11ca-424f-a0fe-140a77a37577')
INSERT INTO [dbo].[Subject_Classroom] ([SubjectGUID], [ClassroomGUID]) VALUES (N'e3757b82-858b-4943-bfeb-045f543d0788', N'a8ef76d3-10c4-43d5-bfc0-4d5c0b976caf')
INSERT INTO [dbo].[Subject_Classroom] ([SubjectGUID], [ClassroomGUID]) VALUES (N'98f68f5e-a407-4630-b448-2234f182e346', N'a8ef76d3-10c4-43d5-bfc0-4d5c0b976caf')
INSERT INTO [dbo].[Subject_Classroom] ([SubjectGUID], [ClassroomGUID]) VALUES (N'67a55427-2465-4819-817c-34662c68cc2f', N'a8ef76d3-10c4-43d5-bfc0-4d5c0b976caf')
INSERT INTO [dbo].[Subject_Classroom] ([SubjectGUID], [ClassroomGUID]) VALUES (N'7bb9df99-a54a-47db-8425-a21bab547106', N'a8ef76d3-10c4-43d5-bfc0-4d5c0b976caf')
INSERT INTO [dbo].[Subject_Classroom] ([SubjectGUID], [ClassroomGUID]) VALUES (N'dd7d22c4-4b67-4695-918a-c5688cd857a5', N'a8ef76d3-10c4-43d5-bfc0-4d5c0b976caf')
INSERT INTO [dbo].[Subject_Classroom] ([SubjectGUID], [ClassroomGUID]) VALUES (N'0da5b899-ed72-49cd-b314-c59cb9dca57c', N'a8ef76d3-10c4-43d5-bfc0-4d5c0b976caf')
INSERT INTO [dbo].[Subject_Classroom] ([SubjectGUID], [ClassroomGUID]) VALUES (N'cf9b895e-0e2b-4a6f-a975-fffd5bbcc835', N'a8ef76d3-10c4-43d5-bfc0-4d5c0b976caf')
INSERT INTO [dbo].[Subject_Classroom] ([SubjectGUID], [ClassroomGUID]) VALUES (N'68284d3b-6504-4a6d-8158-0ed99b6ca606', N'a8ef76d3-10c4-43d5-bfc0-4d5c0b976caf')
INSERT INTO [dbo].[Subject_Classroom] ([SubjectGUID], [ClassroomGUID]) VALUES (N'1af2c17f-a3d2-4e55-91aa-0ac361d55db3', N'a8ef76d3-10c4-43d5-bfc0-4d5c0b976caf')
INSERT INTO [dbo].[Subject_Classroom] ([SubjectGUID], [ClassroomGUID]) VALUES (N'e4826c38-8a4b-4829-b46e-9e55d58eaf7b', N'a8ef76d3-10c4-43d5-bfc0-4d5c0b976caf')
INSERT INTO [dbo].[Subject_Classroom] ([SubjectGUID], [ClassroomGUID]) VALUES (N'74672bd7-da45-43e7-9d20-a8197855526a', N'a8ef76d3-10c4-43d5-bfc0-4d5c0b976caf')
INSERT INTO [dbo].[Subject_Classroom] ([SubjectGUID], [ClassroomGUID]) VALUES (N'e3757b82-858b-4943-bfeb-045f543d0788', N'2d6f7e36-2653-43d5-9999-6b10b54d6a08')
INSERT INTO [dbo].[Subject_Classroom] ([SubjectGUID], [ClassroomGUID]) VALUES (N'98f68f5e-a407-4630-b448-2234f182e346', N'2d6f7e36-2653-43d5-9999-6b10b54d6a08')
INSERT INTO [dbo].[Subject_Classroom] ([SubjectGUID], [ClassroomGUID]) VALUES (N'67a55427-2465-4819-817c-34662c68cc2f', N'2d6f7e36-2653-43d5-9999-6b10b54d6a08')
INSERT INTO [dbo].[Subject_Classroom] ([SubjectGUID], [ClassroomGUID]) VALUES (N'7bb9df99-a54a-47db-8425-a21bab547106', N'2d6f7e36-2653-43d5-9999-6b10b54d6a08')
INSERT INTO [dbo].[Subject_Classroom] ([SubjectGUID], [ClassroomGUID]) VALUES (N'dd7d22c4-4b67-4695-918a-c5688cd857a5', N'2d6f7e36-2653-43d5-9999-6b10b54d6a08')
INSERT INTO [dbo].[Subject_Classroom] ([SubjectGUID], [ClassroomGUID]) VALUES (N'0da5b899-ed72-49cd-b314-c59cb9dca57c', N'2d6f7e36-2653-43d5-9999-6b10b54d6a08')
INSERT INTO [dbo].[Subject_Classroom] ([SubjectGUID], [ClassroomGUID]) VALUES (N'cf9b895e-0e2b-4a6f-a975-fffd5bbcc835', N'2d6f7e36-2653-43d5-9999-6b10b54d6a08')
INSERT INTO [dbo].[Subject_Classroom] ([SubjectGUID], [ClassroomGUID]) VALUES (N'68284d3b-6504-4a6d-8158-0ed99b6ca606', N'2d6f7e36-2653-43d5-9999-6b10b54d6a08')
INSERT INTO [dbo].[Subject_Classroom] ([SubjectGUID], [ClassroomGUID]) VALUES (N'1af2c17f-a3d2-4e55-91aa-0ac361d55db3', N'2d6f7e36-2653-43d5-9999-6b10b54d6a08')
INSERT INTO [dbo].[Subject_Classroom] ([SubjectGUID], [ClassroomGUID]) VALUES (N'e4826c38-8a4b-4829-b46e-9e55d58eaf7b', N'2d6f7e36-2653-43d5-9999-6b10b54d6a08')
INSERT INTO [dbo].[Subject_Classroom] ([SubjectGUID], [ClassroomGUID]) VALUES (N'74672bd7-da45-43e7-9d20-a8197855526a', N'2d6f7e36-2653-43d5-9999-6b10b54d6a08')
INSERT INTO [dbo].[Subject_Classroom] ([SubjectGUID], [ClassroomGUID]) VALUES (N'e3757b82-858b-4943-bfeb-045f543d0788', N'bac4cb27-4e5d-43b4-960c-8bd116dbec87')
INSERT INTO [dbo].[Subject_Classroom] ([SubjectGUID], [ClassroomGUID]) VALUES (N'98f68f5e-a407-4630-b448-2234f182e346', N'bac4cb27-4e5d-43b4-960c-8bd116dbec87')
INSERT INTO [dbo].[Subject_Classroom] ([SubjectGUID], [ClassroomGUID]) VALUES (N'67a55427-2465-4819-817c-34662c68cc2f', N'bac4cb27-4e5d-43b4-960c-8bd116dbec87')
INSERT INTO [dbo].[Subject_Classroom] ([SubjectGUID], [ClassroomGUID]) VALUES (N'7bb9df99-a54a-47db-8425-a21bab547106', N'bac4cb27-4e5d-43b4-960c-8bd116dbec87')
INSERT INTO [dbo].[Subject_Classroom] ([SubjectGUID], [ClassroomGUID]) VALUES (N'dd7d22c4-4b67-4695-918a-c5688cd857a5', N'bac4cb27-4e5d-43b4-960c-8bd116dbec87')
INSERT INTO [dbo].[Subject_Classroom] ([SubjectGUID], [ClassroomGUID]) VALUES (N'0da5b899-ed72-49cd-b314-c59cb9dca57c', N'bac4cb27-4e5d-43b4-960c-8bd116dbec87')
INSERT INTO [dbo].[Subject_Classroom] ([SubjectGUID], [ClassroomGUID]) VALUES (N'cf9b895e-0e2b-4a6f-a975-fffd5bbcc835', N'bac4cb27-4e5d-43b4-960c-8bd116dbec87')
INSERT INTO [dbo].[Subject_Classroom] ([SubjectGUID], [ClassroomGUID]) VALUES (N'68284d3b-6504-4a6d-8158-0ed99b6ca606', N'bac4cb27-4e5d-43b4-960c-8bd116dbec87')
INSERT INTO [dbo].[Subject_Classroom] ([SubjectGUID], [ClassroomGUID]) VALUES (N'1af2c17f-a3d2-4e55-91aa-0ac361d55db3', N'bac4cb27-4e5d-43b4-960c-8bd116dbec87')
INSERT INTO [dbo].[Subject_Classroom] ([SubjectGUID], [ClassroomGUID]) VALUES (N'e4826c38-8a4b-4829-b46e-9e55d58eaf7b', N'bac4cb27-4e5d-43b4-960c-8bd116dbec87')
INSERT INTO [dbo].[Subject_Classroom] ([SubjectGUID], [ClassroomGUID]) VALUES (N'74672bd7-da45-43e7-9d20-a8197855526a', N'bac4cb27-4e5d-43b4-960c-8bd116dbec87')
INSERT INTO [dbo].[Subject_Classroom] ([SubjectGUID], [ClassroomGUID]) VALUES (N'e3757b82-858b-4943-bfeb-045f543d0788', N'4e9a26ee-cb91-4650-8d1c-b2156970bafb')
INSERT INTO [dbo].[Subject_Classroom] ([SubjectGUID], [ClassroomGUID]) VALUES (N'98f68f5e-a407-4630-b448-2234f182e346', N'4e9a26ee-cb91-4650-8d1c-b2156970bafb')
INSERT INTO [dbo].[Subject_Classroom] ([SubjectGUID], [ClassroomGUID]) VALUES (N'67a55427-2465-4819-817c-34662c68cc2f', N'4e9a26ee-cb91-4650-8d1c-b2156970bafb')
INSERT INTO [dbo].[Subject_Classroom] ([SubjectGUID], [ClassroomGUID]) VALUES (N'7bb9df99-a54a-47db-8425-a21bab547106', N'4e9a26ee-cb91-4650-8d1c-b2156970bafb')
INSERT INTO [dbo].[Subject_Classroom] ([SubjectGUID], [ClassroomGUID]) VALUES (N'dd7d22c4-4b67-4695-918a-c5688cd857a5', N'4e9a26ee-cb91-4650-8d1c-b2156970bafb')
INSERT INTO [dbo].[Subject_Classroom] ([SubjectGUID], [ClassroomGUID]) VALUES (N'0da5b899-ed72-49cd-b314-c59cb9dca57c', N'4e9a26ee-cb91-4650-8d1c-b2156970bafb')
INSERT INTO [dbo].[Subject_Classroom] ([SubjectGUID], [ClassroomGUID]) VALUES (N'cf9b895e-0e2b-4a6f-a975-fffd5bbcc835', N'4e9a26ee-cb91-4650-8d1c-b2156970bafb')
INSERT INTO [dbo].[Subject_Classroom] ([SubjectGUID], [ClassroomGUID]) VALUES (N'68284d3b-6504-4a6d-8158-0ed99b6ca606', N'4e9a26ee-cb91-4650-8d1c-b2156970bafb')
INSERT INTO [dbo].[Subject_Classroom] ([SubjectGUID], [ClassroomGUID]) VALUES (N'1af2c17f-a3d2-4e55-91aa-0ac361d55db3', N'4e9a26ee-cb91-4650-8d1c-b2156970bafb')
INSERT INTO [dbo].[Subject_Classroom] ([SubjectGUID], [ClassroomGUID]) VALUES (N'e4826c38-8a4b-4829-b46e-9e55d58eaf7b', N'4e9a26ee-cb91-4650-8d1c-b2156970bafb')
INSERT INTO [dbo].[Subject_Classroom] ([SubjectGUID], [ClassroomGUID]) VALUES (N'74672bd7-da45-43e7-9d20-a8197855526a', N'4e9a26ee-cb91-4650-8d1c-b2156970bafb')
INSERT INTO [dbo].[Subject_Classroom] ([SubjectGUID], [ClassroomGUID]) VALUES (N'e3757b82-858b-4943-bfeb-045f543d0788', N'3ef6e7a9-5169-443e-902e-bc8017eb9f33')
INSERT INTO [dbo].[Subject_Classroom] ([SubjectGUID], [ClassroomGUID]) VALUES (N'98f68f5e-a407-4630-b448-2234f182e346', N'3ef6e7a9-5169-443e-902e-bc8017eb9f33')
INSERT INTO [dbo].[Subject_Classroom] ([SubjectGUID], [ClassroomGUID]) VALUES (N'67a55427-2465-4819-817c-34662c68cc2f', N'3ef6e7a9-5169-443e-902e-bc8017eb9f33')
INSERT INTO [dbo].[Subject_Classroom] ([SubjectGUID], [ClassroomGUID]) VALUES (N'7bb9df99-a54a-47db-8425-a21bab547106', N'3ef6e7a9-5169-443e-902e-bc8017eb9f33')
INSERT INTO [dbo].[Subject_Classroom] ([SubjectGUID], [ClassroomGUID]) VALUES (N'dd7d22c4-4b67-4695-918a-c5688cd857a5', N'3ef6e7a9-5169-443e-902e-bc8017eb9f33')
INSERT INTO [dbo].[Subject_Classroom] ([SubjectGUID], [ClassroomGUID]) VALUES (N'0da5b899-ed72-49cd-b314-c59cb9dca57c', N'3ef6e7a9-5169-443e-902e-bc8017eb9f33')
INSERT INTO [dbo].[Subject_Classroom] ([SubjectGUID], [ClassroomGUID]) VALUES (N'cf9b895e-0e2b-4a6f-a975-fffd5bbcc835', N'3ef6e7a9-5169-443e-902e-bc8017eb9f33')
INSERT INTO [dbo].[Subject_Classroom] ([SubjectGUID], [ClassroomGUID]) VALUES (N'68284d3b-6504-4a6d-8158-0ed99b6ca606', N'3ef6e7a9-5169-443e-902e-bc8017eb9f33')
INSERT INTO [dbo].[Subject_Classroom] ([SubjectGUID], [ClassroomGUID]) VALUES (N'1af2c17f-a3d2-4e55-91aa-0ac361d55db3', N'3ef6e7a9-5169-443e-902e-bc8017eb9f33')
INSERT INTO [dbo].[Subject_Classroom] ([SubjectGUID], [ClassroomGUID]) VALUES (N'e4826c38-8a4b-4829-b46e-9e55d58eaf7b', N'3ef6e7a9-5169-443e-902e-bc8017eb9f33')
INSERT INTO [dbo].[Subject_Classroom] ([SubjectGUID], [ClassroomGUID]) VALUES (N'74672bd7-da45-43e7-9d20-a8197855526a', N'3ef6e7a9-5169-443e-902e-bc8017eb9f33')
INSERT INTO [dbo].[Subject_Classroom] ([SubjectGUID], [ClassroomGUID]) VALUES (N'e3757b82-858b-4943-bfeb-045f543d0788', N'9e41551e-c3a6-4d0e-92db-dfc326b5a34e')
INSERT INTO [dbo].[Subject_Classroom] ([SubjectGUID], [ClassroomGUID]) VALUES (N'98f68f5e-a407-4630-b448-2234f182e346', N'9e41551e-c3a6-4d0e-92db-dfc326b5a34e')
INSERT INTO [dbo].[Subject_Classroom] ([SubjectGUID], [ClassroomGUID]) VALUES (N'67a55427-2465-4819-817c-34662c68cc2f', N'9e41551e-c3a6-4d0e-92db-dfc326b5a34e')
INSERT INTO [dbo].[Subject_Classroom] ([SubjectGUID], [ClassroomGUID]) VALUES (N'7bb9df99-a54a-47db-8425-a21bab547106', N'9e41551e-c3a6-4d0e-92db-dfc326b5a34e')
INSERT INTO [dbo].[Subject_Classroom] ([SubjectGUID], [ClassroomGUID]) VALUES (N'dd7d22c4-4b67-4695-918a-c5688cd857a5', N'9e41551e-c3a6-4d0e-92db-dfc326b5a34e')
INSERT INTO [dbo].[Subject_Classroom] ([SubjectGUID], [ClassroomGUID]) VALUES (N'0da5b899-ed72-49cd-b314-c59cb9dca57c', N'9e41551e-c3a6-4d0e-92db-dfc326b5a34e')
INSERT INTO [dbo].[Subject_Classroom] ([SubjectGUID], [ClassroomGUID]) VALUES (N'cf9b895e-0e2b-4a6f-a975-fffd5bbcc835', N'9e41551e-c3a6-4d0e-92db-dfc326b5a34e')
INSERT INTO [dbo].[Subject_Classroom] ([SubjectGUID], [ClassroomGUID]) VALUES (N'68284d3b-6504-4a6d-8158-0ed99b6ca606', N'9e41551e-c3a6-4d0e-92db-dfc326b5a34e')
INSERT INTO [dbo].[Subject_Classroom] ([SubjectGUID], [ClassroomGUID]) VALUES (N'1af2c17f-a3d2-4e55-91aa-0ac361d55db3', N'9e41551e-c3a6-4d0e-92db-dfc326b5a34e')
INSERT INTO [dbo].[Subject_Classroom] ([SubjectGUID], [ClassroomGUID]) VALUES (N'e4826c38-8a4b-4829-b46e-9e55d58eaf7b', N'9e41551e-c3a6-4d0e-92db-dfc326b5a34e')
INSERT INTO [dbo].[Subject_Classroom] ([SubjectGUID], [ClassroomGUID]) VALUES (N'74672bd7-da45-43e7-9d20-a8197855526a', N'9e41551e-c3a6-4d0e-92db-dfc326b5a34e')
INSERT INTO [dbo].[Subject_Classroom] ([SubjectGUID], [ClassroomGUID]) VALUES (N'e3757b82-858b-4943-bfeb-045f543d0788', N'4dda573d-7651-4705-bafc-93f99f24bf8a')
INSERT INTO [dbo].[Subject_Classroom] ([SubjectGUID], [ClassroomGUID]) VALUES (N'98f68f5e-a407-4630-b448-2234f182e346', N'4dda573d-7651-4705-bafc-93f99f24bf8a')
INSERT INTO [dbo].[Subject_Classroom] ([SubjectGUID], [ClassroomGUID]) VALUES (N'67a55427-2465-4819-817c-34662c68cc2f', N'4dda573d-7651-4705-bafc-93f99f24bf8a')
INSERT INTO [dbo].[Subject_Classroom] ([SubjectGUID], [ClassroomGUID]) VALUES (N'dd7d22c4-4b67-4695-918a-c5688cd857a5', N'4dda573d-7651-4705-bafc-93f99f24bf8a')
INSERT INTO [dbo].[Subject_Classroom] ([SubjectGUID], [ClassroomGUID]) VALUES (N'0da5b899-ed72-49cd-b314-c59cb9dca57c', N'4dda573d-7651-4705-bafc-93f99f24bf8a')
INSERT INTO [dbo].[Subject_Classroom] ([SubjectGUID], [ClassroomGUID]) VALUES (N'dab86781-2371-4cd3-9141-d285b864cc64', N'4dda573d-7651-4705-bafc-93f99f24bf8a')
INSERT INTO [dbo].[Subject_Classroom] ([SubjectGUID], [ClassroomGUID]) VALUES (N'cf9b895e-0e2b-4a6f-a975-fffd5bbcc835', N'4dda573d-7651-4705-bafc-93f99f24bf8a')
INSERT INTO [dbo].[Subject_Classroom] ([SubjectGUID], [ClassroomGUID]) VALUES (N'68284d3b-6504-4a6d-8158-0ed99b6ca606', N'4dda573d-7651-4705-bafc-93f99f24bf8a')
INSERT INTO [dbo].[Subject_Classroom] ([SubjectGUID], [ClassroomGUID]) VALUES (N'e4826c38-8a4b-4829-b46e-9e55d58eaf7b', N'4dda573d-7651-4705-bafc-93f99f24bf8a')
INSERT INTO [dbo].[Subject_Classroom] ([SubjectGUID], [ClassroomGUID]) VALUES (N'ed3fe072-255e-4de9-9068-65dcefa277d1', N'4dda573d-7651-4705-bafc-93f99f24bf8a')
INSERT INTO [dbo].[Subject_Classroom] ([SubjectGUID], [ClassroomGUID]) VALUES (N'e33795fb-1e15-483e-a551-93d195ad10ef', N'4dda573d-7651-4705-bafc-93f99f24bf8a')
INSERT INTO [dbo].[Subject_Classroom] ([SubjectGUID], [ClassroomGUID]) VALUES (N'e3757b82-858b-4943-bfeb-045f543d0788', N'9453548b-f6a8-40af-87e8-fa9c5c0e553a')
INSERT INTO [dbo].[Subject_Classroom] ([SubjectGUID], [ClassroomGUID]) VALUES (N'33df3d0f-716e-4eb9-896c-197814e263a3', N'9453548b-f6a8-40af-87e8-fa9c5c0e553a')
INSERT INTO [dbo].[Subject_Classroom] ([SubjectGUID], [ClassroomGUID]) VALUES (N'98f68f5e-a407-4630-b448-2234f182e346', N'9453548b-f6a8-40af-87e8-fa9c5c0e553a')
INSERT INTO [dbo].[Subject_Classroom] ([SubjectGUID], [ClassroomGUID]) VALUES (N'67a55427-2465-4819-817c-34662c68cc2f', N'9453548b-f6a8-40af-87e8-fa9c5c0e553a')
INSERT INTO [dbo].[Subject_Classroom] ([SubjectGUID], [ClassroomGUID]) VALUES (N'c2014049-a5b7-4c03-b940-8b080b6eb108', N'9453548b-f6a8-40af-87e8-fa9c5c0e553a')
INSERT INTO [dbo].[Subject_Classroom] ([SubjectGUID], [ClassroomGUID]) VALUES (N'dd7d22c4-4b67-4695-918a-c5688cd857a5', N'9453548b-f6a8-40af-87e8-fa9c5c0e553a')
INSERT INTO [dbo].[Subject_Classroom] ([SubjectGUID], [ClassroomGUID]) VALUES (N'dab86781-2371-4cd3-9141-d285b864cc64', N'9453548b-f6a8-40af-87e8-fa9c5c0e553a')
INSERT INTO [dbo].[Subject_Classroom] ([SubjectGUID], [ClassroomGUID]) VALUES (N'a0879683-88d5-44e4-8a77-d5d104fd8ce9', N'9453548b-f6a8-40af-87e8-fa9c5c0e553a')
INSERT INTO [dbo].[Subject_Classroom] ([SubjectGUID], [ClassroomGUID]) VALUES (N'68284d3b-6504-4a6d-8158-0ed99b6ca606', N'9453548b-f6a8-40af-87e8-fa9c5c0e553a')
INSERT INTO [dbo].[Subject_Classroom] ([SubjectGUID], [ClassroomGUID]) VALUES (N'e4826c38-8a4b-4829-b46e-9e55d58eaf7b', N'9453548b-f6a8-40af-87e8-fa9c5c0e553a')
INSERT INTO [dbo].[Subject_Classroom] ([SubjectGUID], [ClassroomGUID]) VALUES (N'cf9b895e-0e2b-4a6f-a975-fffd5bbcc835', N'9453548b-f6a8-40af-87e8-fa9c5c0e553a')

INSERT INTO [dbo].[Teacher_Classroom] ([TeacherGUID], [ClassroomGUID], [SubjectTeach]) VALUES (N'e54b9184-873d-4d74-9567-f4452f05b769', N'e15840c5-11ca-424f-a0fe-140a77a37577', N'e3757b82-858b-4943-bfeb-045f543d0788')
INSERT INTO [dbo].[Teacher_Classroom] ([TeacherGUID], [ClassroomGUID], [SubjectTeach]) VALUES (N'11cac8b5-9b1e-4ed4-80f9-9956b7f395e9', N'e15840c5-11ca-424f-a0fe-140a77a37577', N'33df3d0f-716e-4eb9-896c-197814e263a3')
INSERT INTO [dbo].[Teacher_Classroom] ([TeacherGUID], [ClassroomGUID], [SubjectTeach]) VALUES (N'8469e1f9-8f87-4567-8d88-a05368d58275', N'e15840c5-11ca-424f-a0fe-140a77a37577', N'98f68f5e-a407-4630-b448-2234f182e346')
INSERT INTO [dbo].[Teacher_Classroom] ([TeacherGUID], [ClassroomGUID], [SubjectTeach]) VALUES (N'0c104dd5-7b85-4833-9e96-4786d6eb0ce7', N'e15840c5-11ca-424f-a0fe-140a77a37577', N'67a55427-2465-4819-817c-34662c68cc2f')
INSERT INTO [dbo].[Teacher_Classroom] ([TeacherGUID], [ClassroomGUID], [SubjectTeach]) VALUES (N'32b7e377-b746-4750-816c-9d45d23fd96d', N'e15840c5-11ca-424f-a0fe-140a77a37577', N'c2014049-a5b7-4c03-b940-8b080b6eb108')
INSERT INTO [dbo].[Teacher_Classroom] ([TeacherGUID], [ClassroomGUID], [SubjectTeach]) VALUES (N'a1059236-e88f-412d-867c-d5241d7442b7', N'e15840c5-11ca-424f-a0fe-140a77a37577', N'dd7d22c4-4b67-4695-918a-c5688cd857a5')
INSERT INTO [dbo].[Teacher_Classroom] ([TeacherGUID], [ClassroomGUID], [SubjectTeach]) VALUES (N'86d21ea4-fbc4-42a4-9f1b-5377fab53d0e', N'e15840c5-11ca-424f-a0fe-140a77a37577', N'dab86781-2371-4cd3-9141-d285b864cc64')
INSERT INTO [dbo].[Teacher_Classroom] ([TeacherGUID], [ClassroomGUID], [SubjectTeach]) VALUES (N'3c92d56d-6dba-41b5-bb69-9b20a0d9f369', N'e15840c5-11ca-424f-a0fe-140a77a37577', N'a0879683-88d5-44e4-8a77-d5d104fd8ce9')
INSERT INTO [dbo].[Teacher_Classroom] ([TeacherGUID], [ClassroomGUID], [SubjectTeach]) VALUES (N'da88dc52-f907-44ce-9e77-87863e60e0f1', N'e15840c5-11ca-424f-a0fe-140a77a37577', N'68284d3b-6504-4a6d-8158-0ed99b6ca606')
INSERT INTO [dbo].[Teacher_Classroom] ([TeacherGUID], [ClassroomGUID], [SubjectTeach]) VALUES (N'd91bddb5-eefa-4d6b-a61f-3f6efee8e7fc', N'e15840c5-11ca-424f-a0fe-140a77a37577', N'e4826c38-8a4b-4829-b46e-9e55d58eaf7b')
INSERT INTO [dbo].[Teacher_Classroom] ([TeacherGUID], [ClassroomGUID], [SubjectTeach]) VALUES (N'e05320af-8b5e-4da0-bd88-f9c0a34a8206', N'2fb70337-308e-4fff-88b8-0da7ed93b056', N'e3757b82-858b-4943-bfeb-045f543d0788')
INSERT INTO [dbo].[Teacher_Classroom] ([TeacherGUID], [ClassroomGUID], [SubjectTeach]) VALUES (N'74445cea-d050-4e94-b279-2a10041f8df0', N'2fb70337-308e-4fff-88b8-0da7ed93b056', N'98f68f5e-a407-4630-b448-2234f182e346')
INSERT INTO [dbo].[Teacher_Classroom] ([TeacherGUID], [ClassroomGUID], [SubjectTeach]) VALUES (N'b1d85a65-6262-4e0b-8b3c-74bc8ec22c29', N'2fb70337-308e-4fff-88b8-0da7ed93b056', N'67a55427-2465-4819-817c-34662c68cc2f')
INSERT INTO [dbo].[Teacher_Classroom] ([TeacherGUID], [ClassroomGUID], [SubjectTeach]) VALUES (N'48e38da8-4a7b-484a-9019-76619d9471d3', N'2fb70337-308e-4fff-88b8-0da7ed93b056', N'dd7d22c4-4b67-4695-918a-c5688cd857a5')
INSERT INTO [dbo].[Teacher_Classroom] ([TeacherGUID], [ClassroomGUID], [SubjectTeach]) VALUES (N'b32ae701-c25c-4ba0-bfa7-1eb4a95878e5', N'2fb70337-308e-4fff-88b8-0da7ed93b056', N'0da5b899-ed72-49cd-b314-c59cb9dca57c')
INSERT INTO [dbo].[Teacher_Classroom] ([TeacherGUID], [ClassroomGUID], [SubjectTeach]) VALUES (N'24b5b213-5a0e-4af0-b44e-080cc811f57a', N'2fb70337-308e-4fff-88b8-0da7ed93b056', N'dab86781-2371-4cd3-9141-d285b864cc64')
INSERT INTO [dbo].[Teacher_Classroom] ([TeacherGUID], [ClassroomGUID], [SubjectTeach]) VALUES (N'54105440-639b-4a62-a4dd-2b8389cb39db', N'2fb70337-308e-4fff-88b8-0da7ed93b056', N'cf9b895e-0e2b-4a6f-a975-fffd5bbcc835')
INSERT INTO [dbo].[Teacher_Classroom] ([TeacherGUID], [ClassroomGUID], [SubjectTeach]) VALUES (N'e1ba9e7d-b545-4f90-8dbf-3225082df81f', N'2fb70337-308e-4fff-88b8-0da7ed93b056', N'68284d3b-6504-4a6d-8158-0ed99b6ca606')
INSERT INTO [dbo].[Teacher_Classroom] ([TeacherGUID], [ClassroomGUID], [SubjectTeach]) VALUES (N'3142d63c-3abe-4b3a-a8a4-7af4da0717c7', N'2fb70337-308e-4fff-88b8-0da7ed93b056', N'e4826c38-8a4b-4829-b46e-9e55d58eaf7b')
INSERT INTO [dbo].[Teacher_Classroom] ([TeacherGUID], [ClassroomGUID], [SubjectTeach]) VALUES (N'c6c261a7-5da9-46df-9bb8-89cf3093e4d9', N'2fb70337-308e-4fff-88b8-0da7ed93b056', N'ed3fe072-255e-4de9-9068-65dcefa277d1')
INSERT INTO [dbo].[Teacher_Classroom] ([TeacherGUID], [ClassroomGUID], [SubjectTeach]) VALUES (N'779aa09a-ec8f-49c8-9be4-2a95061baede', N'2fb70337-308e-4fff-88b8-0da7ed93b056', N'e33795fb-1e15-483e-a551-93d195ad10ef')
INSERT INTO [dbo].[Teacher_Classroom] ([TeacherGUID], [ClassroomGUID], [SubjectTeach]) VALUES (N'f1e17366-c11e-433c-8911-c304bfd4423b', N'e15840c5-11ca-424f-a0fe-140a77a37577', N'cf9b895e-0e2b-4a6f-a975-fffd5bbcc835')
INSERT INTO [dbo].[Teacher_Classroom] ([TeacherGUID], [ClassroomGUID], [SubjectTeach]) VALUES (N'e54b9184-873d-4d74-9567-f4452f05b769', N'a8ef76d3-10c4-43d5-bfc0-4d5c0b976caf', N'e3757b82-858b-4943-bfeb-045f543d0788')
INSERT INTO [dbo].[Teacher_Classroom] ([TeacherGUID], [ClassroomGUID], [SubjectTeach]) VALUES (N'11cac8b5-9b1e-4ed4-80f9-9956b7f395e9', N'a8ef76d3-10c4-43d5-bfc0-4d5c0b976caf', N'98f68f5e-a407-4630-b448-2234f182e346')
INSERT INTO [dbo].[Teacher_Classroom] ([TeacherGUID], [ClassroomGUID], [SubjectTeach]) VALUES (N'8469e1f9-8f87-4567-8d88-a05368d58275', N'a8ef76d3-10c4-43d5-bfc0-4d5c0b976caf', N'67a55427-2465-4819-817c-34662c68cc2f')
INSERT INTO [dbo].[Teacher_Classroom] ([TeacherGUID], [ClassroomGUID], [SubjectTeach]) VALUES (N'0c104dd5-7b85-4833-9e96-4786d6eb0ce7', N'a8ef76d3-10c4-43d5-bfc0-4d5c0b976caf', N'7bb9df99-a54a-47db-8425-a21bab547106')
INSERT INTO [dbo].[Teacher_Classroom] ([TeacherGUID], [ClassroomGUID], [SubjectTeach]) VALUES (N'32b7e377-b746-4750-816c-9d45d23fd96d', N'a8ef76d3-10c4-43d5-bfc0-4d5c0b976caf', N'dd7d22c4-4b67-4695-918a-c5688cd857a5')
INSERT INTO [dbo].[Teacher_Classroom] ([TeacherGUID], [ClassroomGUID], [SubjectTeach]) VALUES (N'a1059236-e88f-412d-867c-d5241d7442b7', N'a8ef76d3-10c4-43d5-bfc0-4d5c0b976caf', N'0da5b899-ed72-49cd-b314-c59cb9dca57c')
INSERT INTO [dbo].[Teacher_Classroom] ([TeacherGUID], [ClassroomGUID], [SubjectTeach]) VALUES (N'86d21ea4-fbc4-42a4-9f1b-5377fab53d0e', N'a8ef76d3-10c4-43d5-bfc0-4d5c0b976caf', N'cf9b895e-0e2b-4a6f-a975-fffd5bbcc835')
INSERT INTO [dbo].[Teacher_Classroom] ([TeacherGUID], [ClassroomGUID], [SubjectTeach]) VALUES (N'3c92d56d-6dba-41b5-bb69-9b20a0d9f369', N'a8ef76d3-10c4-43d5-bfc0-4d5c0b976caf', N'68284d3b-6504-4a6d-8158-0ed99b6ca606')
INSERT INTO [dbo].[Teacher_Classroom] ([TeacherGUID], [ClassroomGUID], [SubjectTeach]) VALUES (N'da88dc52-f907-44ce-9e77-87863e60e0f1', N'a8ef76d3-10c4-43d5-bfc0-4d5c0b976caf', N'1af2c17f-a3d2-4e55-91aa-0ac361d55db3')
INSERT INTO [dbo].[Teacher_Classroom] ([TeacherGUID], [ClassroomGUID], [SubjectTeach]) VALUES (N'd91bddb5-eefa-4d6b-a61f-3f6efee8e7fc', N'a8ef76d3-10c4-43d5-bfc0-4d5c0b976caf', N'e4826c38-8a4b-4829-b46e-9e55d58eaf7b')
INSERT INTO [dbo].[Teacher_Classroom] ([TeacherGUID], [ClassroomGUID], [SubjectTeach]) VALUES (N'f1e17366-c11e-433c-8911-c304bfd4423b', N'a8ef76d3-10c4-43d5-bfc0-4d5c0b976caf', N'74672bd7-da45-43e7-9d20-a8197855526a')
INSERT INTO [dbo].[Teacher_Classroom] ([TeacherGUID], [ClassroomGUID], [SubjectTeach]) VALUES (N'e05320af-8b5e-4da0-bd88-f9c0a34a8206', N'2d6f7e36-2653-43d5-9999-6b10b54d6a08', N'e3757b82-858b-4943-bfeb-045f543d0788')
INSERT INTO [dbo].[Teacher_Classroom] ([TeacherGUID], [ClassroomGUID], [SubjectTeach]) VALUES (N'74445cea-d050-4e94-b279-2a10041f8df0', N'2d6f7e36-2653-43d5-9999-6b10b54d6a08', N'98f68f5e-a407-4630-b448-2234f182e346')
INSERT INTO [dbo].[Teacher_Classroom] ([TeacherGUID], [ClassroomGUID], [SubjectTeach]) VALUES (N'b1d85a65-6262-4e0b-8b3c-74bc8ec22c29', N'2d6f7e36-2653-43d5-9999-6b10b54d6a08', N'67a55427-2465-4819-817c-34662c68cc2f')
INSERT INTO [dbo].[Teacher_Classroom] ([TeacherGUID], [ClassroomGUID], [SubjectTeach]) VALUES (N'48e38da8-4a7b-484a-9019-76619d9471d3', N'2d6f7e36-2653-43d5-9999-6b10b54d6a08', N'7bb9df99-a54a-47db-8425-a21bab547106')
INSERT INTO [dbo].[Teacher_Classroom] ([TeacherGUID], [ClassroomGUID], [SubjectTeach]) VALUES (N'b32ae701-c25c-4ba0-bfa7-1eb4a95878e5', N'2d6f7e36-2653-43d5-9999-6b10b54d6a08', N'dd7d22c4-4b67-4695-918a-c5688cd857a5')
INSERT INTO [dbo].[Teacher_Classroom] ([TeacherGUID], [ClassroomGUID], [SubjectTeach]) VALUES (N'24b5b213-5a0e-4af0-b44e-080cc811f57a', N'2d6f7e36-2653-43d5-9999-6b10b54d6a08', N'0da5b899-ed72-49cd-b314-c59cb9dca57c')
INSERT INTO [dbo].[Teacher_Classroom] ([TeacherGUID], [ClassroomGUID], [SubjectTeach]) VALUES (N'54105440-639b-4a62-a4dd-2b8389cb39db', N'2d6f7e36-2653-43d5-9999-6b10b54d6a08', N'cf9b895e-0e2b-4a6f-a975-fffd5bbcc835')
INSERT INTO [dbo].[Teacher_Classroom] ([TeacherGUID], [ClassroomGUID], [SubjectTeach]) VALUES (N'e1ba9e7d-b545-4f90-8dbf-3225082df81f', N'2d6f7e36-2653-43d5-9999-6b10b54d6a08', N'68284d3b-6504-4a6d-8158-0ed99b6ca606')
INSERT INTO [dbo].[Teacher_Classroom] ([TeacherGUID], [ClassroomGUID], [SubjectTeach]) VALUES (N'3142d63c-3abe-4b3a-a8a4-7af4da0717c7', N'2d6f7e36-2653-43d5-9999-6b10b54d6a08', N'1af2c17f-a3d2-4e55-91aa-0ac361d55db3')
INSERT INTO [dbo].[Teacher_Classroom] ([TeacherGUID], [ClassroomGUID], [SubjectTeach]) VALUES (N'c6c261a7-5da9-46df-9bb8-89cf3093e4d9', N'2d6f7e36-2653-43d5-9999-6b10b54d6a08', N'e4826c38-8a4b-4829-b46e-9e55d58eaf7b')
INSERT INTO [dbo].[Teacher_Classroom] ([TeacherGUID], [ClassroomGUID], [SubjectTeach]) VALUES (N'779aa09a-ec8f-49c8-9be4-2a95061baede', N'2d6f7e36-2653-43d5-9999-6b10b54d6a08', N'74672bd7-da45-43e7-9d20-a8197855526a')
INSERT INTO [dbo].[Teacher_Classroom] ([TeacherGUID], [ClassroomGUID], [SubjectTeach]) VALUES (N'3142d63c-3abe-4b3a-a8a4-7af4da0717c7', N'bac4cb27-4e5d-43b4-960c-8bd116dbec87', N'e3757b82-858b-4943-bfeb-045f543d0788')
INSERT INTO [dbo].[Teacher_Classroom] ([TeacherGUID], [ClassroomGUID], [SubjectTeach]) VALUES (N'c6c261a7-5da9-46df-9bb8-89cf3093e4d9', N'bac4cb27-4e5d-43b4-960c-8bd116dbec87', N'98f68f5e-a407-4630-b448-2234f182e346')
INSERT INTO [dbo].[Teacher_Classroom] ([TeacherGUID], [ClassroomGUID], [SubjectTeach]) VALUES (N'779aa09a-ec8f-49c8-9be4-2a95061baede', N'bac4cb27-4e5d-43b4-960c-8bd116dbec87', N'67a55427-2465-4819-817c-34662c68cc2f')
INSERT INTO [dbo].[Teacher_Classroom] ([TeacherGUID], [ClassroomGUID], [SubjectTeach]) VALUES (N'765043c8-fa56-48f9-9c04-c510ea646af1', N'bac4cb27-4e5d-43b4-960c-8bd116dbec87', N'7bb9df99-a54a-47db-8425-a21bab547106')
INSERT INTO [dbo].[Teacher_Classroom] ([TeacherGUID], [ClassroomGUID], [SubjectTeach]) VALUES (N'fec94c29-6cdd-44c4-a64f-b8ad36579bfa', N'bac4cb27-4e5d-43b4-960c-8bd116dbec87', N'dd7d22c4-4b67-4695-918a-c5688cd857a5')
INSERT INTO [dbo].[Teacher_Classroom] ([TeacherGUID], [ClassroomGUID], [SubjectTeach]) VALUES (N'6066422a-9d4f-4cfb-a1dd-17013b2f5a99', N'bac4cb27-4e5d-43b4-960c-8bd116dbec87', N'0da5b899-ed72-49cd-b314-c59cb9dca57c')
INSERT INTO [dbo].[Teacher_Classroom] ([TeacherGUID], [ClassroomGUID], [SubjectTeach]) VALUES (N'ef55bec8-999c-462c-9b70-04605dba76fb', N'bac4cb27-4e5d-43b4-960c-8bd116dbec87', N'cf9b895e-0e2b-4a6f-a975-fffd5bbcc835')
INSERT INTO [dbo].[Teacher_Classroom] ([TeacherGUID], [ClassroomGUID], [SubjectTeach]) VALUES (N'02175390-462f-473f-8025-b72a769b69ef', N'bac4cb27-4e5d-43b4-960c-8bd116dbec87', N'68284d3b-6504-4a6d-8158-0ed99b6ca606')
INSERT INTO [dbo].[Teacher_Classroom] ([TeacherGUID], [ClassroomGUID], [SubjectTeach]) VALUES (N'69e78902-e006-41fa-bcee-88a03c3fa5f2', N'bac4cb27-4e5d-43b4-960c-8bd116dbec87', N'1af2c17f-a3d2-4e55-91aa-0ac361d55db3')
INSERT INTO [dbo].[Teacher_Classroom] ([TeacherGUID], [ClassroomGUID], [SubjectTeach]) VALUES (N'6e74fe2b-992f-4d75-b0bd-b3cf4c0e756e', N'bac4cb27-4e5d-43b4-960c-8bd116dbec87', N'e4826c38-8a4b-4829-b46e-9e55d58eaf7b')
INSERT INTO [dbo].[Teacher_Classroom] ([TeacherGUID], [ClassroomGUID], [SubjectTeach]) VALUES (N'f372ad58-9e2e-4e45-971b-e38690b8ce95', N'bac4cb27-4e5d-43b4-960c-8bd116dbec87', N'74672bd7-da45-43e7-9d20-a8197855526a')
INSERT INTO [dbo].[Teacher_Classroom] ([TeacherGUID], [ClassroomGUID], [SubjectTeach]) VALUES (N'86d21ea4-fbc4-42a4-9f1b-5377fab53d0e', N'4e9a26ee-cb91-4650-8d1c-b2156970bafb', N'e3757b82-858b-4943-bfeb-045f543d0788')
INSERT INTO [dbo].[Teacher_Classroom] ([TeacherGUID], [ClassroomGUID], [SubjectTeach]) VALUES (N'3c92d56d-6dba-41b5-bb69-9b20a0d9f369', N'4e9a26ee-cb91-4650-8d1c-b2156970bafb', N'98f68f5e-a407-4630-b448-2234f182e346')
INSERT INTO [dbo].[Teacher_Classroom] ([TeacherGUID], [ClassroomGUID], [SubjectTeach]) VALUES (N'da88dc52-f907-44ce-9e77-87863e60e0f1', N'4e9a26ee-cb91-4650-8d1c-b2156970bafb', N'67a55427-2465-4819-817c-34662c68cc2f')
INSERT INTO [dbo].[Teacher_Classroom] ([TeacherGUID], [ClassroomGUID], [SubjectTeach]) VALUES (N'd91bddb5-eefa-4d6b-a61f-3f6efee8e7fc', N'4e9a26ee-cb91-4650-8d1c-b2156970bafb', N'7bb9df99-a54a-47db-8425-a21bab547106')
INSERT INTO [dbo].[Teacher_Classroom] ([TeacherGUID], [ClassroomGUID], [SubjectTeach]) VALUES (N'f1e17366-c11e-433c-8911-c304bfd4423b', N'4e9a26ee-cb91-4650-8d1c-b2156970bafb', N'dd7d22c4-4b67-4695-918a-c5688cd857a5')
INSERT INTO [dbo].[Teacher_Classroom] ([TeacherGUID], [ClassroomGUID], [SubjectTeach]) VALUES (N'e05320af-8b5e-4da0-bd88-f9c0a34a8206', N'4e9a26ee-cb91-4650-8d1c-b2156970bafb', N'0da5b899-ed72-49cd-b314-c59cb9dca57c')
INSERT INTO [dbo].[Teacher_Classroom] ([TeacherGUID], [ClassroomGUID], [SubjectTeach]) VALUES (N'74445cea-d050-4e94-b279-2a10041f8df0', N'4e9a26ee-cb91-4650-8d1c-b2156970bafb', N'cf9b895e-0e2b-4a6f-a975-fffd5bbcc835')
INSERT INTO [dbo].[Teacher_Classroom] ([TeacherGUID], [ClassroomGUID], [SubjectTeach]) VALUES (N'b1d85a65-6262-4e0b-8b3c-74bc8ec22c29', N'4e9a26ee-cb91-4650-8d1c-b2156970bafb', N'68284d3b-6504-4a6d-8158-0ed99b6ca606')
INSERT INTO [dbo].[Teacher_Classroom] ([TeacherGUID], [ClassroomGUID], [SubjectTeach]) VALUES (N'48e38da8-4a7b-484a-9019-76619d9471d3', N'4e9a26ee-cb91-4650-8d1c-b2156970bafb', N'1af2c17f-a3d2-4e55-91aa-0ac361d55db3')
INSERT INTO [dbo].[Teacher_Classroom] ([TeacherGUID], [ClassroomGUID], [SubjectTeach]) VALUES (N'b32ae701-c25c-4ba0-bfa7-1eb4a95878e5', N'4e9a26ee-cb91-4650-8d1c-b2156970bafb', N'e4826c38-8a4b-4829-b46e-9e55d58eaf7b')
INSERT INTO [dbo].[Teacher_Classroom] ([TeacherGUID], [ClassroomGUID], [SubjectTeach]) VALUES (N'24b5b213-5a0e-4af0-b44e-080cc811f57a', N'4e9a26ee-cb91-4650-8d1c-b2156970bafb', N'74672bd7-da45-43e7-9d20-a8197855526a')
INSERT INTO [dbo].[Teacher_Classroom] ([TeacherGUID], [ClassroomGUID], [SubjectTeach]) VALUES (N'3142d63c-3abe-4b3a-a8a4-7af4da0717c7', N'3ef6e7a9-5169-443e-902e-bc8017eb9f33', N'e3757b82-858b-4943-bfeb-045f543d0788')
INSERT INTO [dbo].[Teacher_Classroom] ([TeacherGUID], [ClassroomGUID], [SubjectTeach]) VALUES (N'c6c261a7-5da9-46df-9bb8-89cf3093e4d9', N'3ef6e7a9-5169-443e-902e-bc8017eb9f33', N'98f68f5e-a407-4630-b448-2234f182e346')
INSERT INTO [dbo].[Teacher_Classroom] ([TeacherGUID], [ClassroomGUID], [SubjectTeach]) VALUES (N'779aa09a-ec8f-49c8-9be4-2a95061baede', N'3ef6e7a9-5169-443e-902e-bc8017eb9f33', N'67a55427-2465-4819-817c-34662c68cc2f')
INSERT INTO [dbo].[Teacher_Classroom] ([TeacherGUID], [ClassroomGUID], [SubjectTeach]) VALUES (N'765043c8-fa56-48f9-9c04-c510ea646af1', N'3ef6e7a9-5169-443e-902e-bc8017eb9f33', N'7bb9df99-a54a-47db-8425-a21bab547106')
INSERT INTO [dbo].[Teacher_Classroom] ([TeacherGUID], [ClassroomGUID], [SubjectTeach]) VALUES (N'fec94c29-6cdd-44c4-a64f-b8ad36579bfa', N'3ef6e7a9-5169-443e-902e-bc8017eb9f33', N'dd7d22c4-4b67-4695-918a-c5688cd857a5')
INSERT INTO [dbo].[Teacher_Classroom] ([TeacherGUID], [ClassroomGUID], [SubjectTeach]) VALUES (N'6066422a-9d4f-4cfb-a1dd-17013b2f5a99', N'3ef6e7a9-5169-443e-902e-bc8017eb9f33', N'0da5b899-ed72-49cd-b314-c59cb9dca57c')
INSERT INTO [dbo].[Teacher_Classroom] ([TeacherGUID], [ClassroomGUID], [SubjectTeach]) VALUES (N'ef55bec8-999c-462c-9b70-04605dba76fb', N'3ef6e7a9-5169-443e-902e-bc8017eb9f33', N'cf9b895e-0e2b-4a6f-a975-fffd5bbcc835')
INSERT INTO [dbo].[Teacher_Classroom] ([TeacherGUID], [ClassroomGUID], [SubjectTeach]) VALUES (N'02175390-462f-473f-8025-b72a769b69ef', N'3ef6e7a9-5169-443e-902e-bc8017eb9f33', N'68284d3b-6504-4a6d-8158-0ed99b6ca606')
INSERT INTO [dbo].[Teacher_Classroom] ([TeacherGUID], [ClassroomGUID], [SubjectTeach]) VALUES (N'69e78902-e006-41fa-bcee-88a03c3fa5f2', N'3ef6e7a9-5169-443e-902e-bc8017eb9f33', N'1af2c17f-a3d2-4e55-91aa-0ac361d55db3')
INSERT INTO [dbo].[Teacher_Classroom] ([TeacherGUID], [ClassroomGUID], [SubjectTeach]) VALUES (N'6e74fe2b-992f-4d75-b0bd-b3cf4c0e756e', N'3ef6e7a9-5169-443e-902e-bc8017eb9f33', N'e4826c38-8a4b-4829-b46e-9e55d58eaf7b')
INSERT INTO [dbo].[Teacher_Classroom] ([TeacherGUID], [ClassroomGUID], [SubjectTeach]) VALUES (N'f372ad58-9e2e-4e45-971b-e38690b8ce95', N'3ef6e7a9-5169-443e-902e-bc8017eb9f33', N'74672bd7-da45-43e7-9d20-a8197855526a')
INSERT INTO [dbo].[Teacher_Classroom] ([TeacherGUID], [ClassroomGUID], [SubjectTeach]) VALUES (N'86d21ea4-fbc4-42a4-9f1b-5377fab53d0e', N'9e41551e-c3a6-4d0e-92db-dfc326b5a34e', N'e3757b82-858b-4943-bfeb-045f543d0788')
INSERT INTO [dbo].[Teacher_Classroom] ([TeacherGUID], [ClassroomGUID], [SubjectTeach]) VALUES (N'3c92d56d-6dba-41b5-bb69-9b20a0d9f369', N'9e41551e-c3a6-4d0e-92db-dfc326b5a34e', N'98f68f5e-a407-4630-b448-2234f182e346')
INSERT INTO [dbo].[Teacher_Classroom] ([TeacherGUID], [ClassroomGUID], [SubjectTeach]) VALUES (N'da88dc52-f907-44ce-9e77-87863e60e0f1', N'9e41551e-c3a6-4d0e-92db-dfc326b5a34e', N'67a55427-2465-4819-817c-34662c68cc2f')
INSERT INTO [dbo].[Teacher_Classroom] ([TeacherGUID], [ClassroomGUID], [SubjectTeach]) VALUES (N'd91bddb5-eefa-4d6b-a61f-3f6efee8e7fc', N'9e41551e-c3a6-4d0e-92db-dfc326b5a34e', N'7bb9df99-a54a-47db-8425-a21bab547106')
INSERT INTO [dbo].[Teacher_Classroom] ([TeacherGUID], [ClassroomGUID], [SubjectTeach]) VALUES (N'f1e17366-c11e-433c-8911-c304bfd4423b', N'9e41551e-c3a6-4d0e-92db-dfc326b5a34e', N'dd7d22c4-4b67-4695-918a-c5688cd857a5')
INSERT INTO [dbo].[Teacher_Classroom] ([TeacherGUID], [ClassroomGUID], [SubjectTeach]) VALUES (N'e05320af-8b5e-4da0-bd88-f9c0a34a8206', N'9e41551e-c3a6-4d0e-92db-dfc326b5a34e', N'0da5b899-ed72-49cd-b314-c59cb9dca57c')
INSERT INTO [dbo].[Teacher_Classroom] ([TeacherGUID], [ClassroomGUID], [SubjectTeach]) VALUES (N'74445cea-d050-4e94-b279-2a10041f8df0', N'9e41551e-c3a6-4d0e-92db-dfc326b5a34e', N'cf9b895e-0e2b-4a6f-a975-fffd5bbcc835')
INSERT INTO [dbo].[Teacher_Classroom] ([TeacherGUID], [ClassroomGUID], [SubjectTeach]) VALUES (N'b1d85a65-6262-4e0b-8b3c-74bc8ec22c29', N'9e41551e-c3a6-4d0e-92db-dfc326b5a34e', N'68284d3b-6504-4a6d-8158-0ed99b6ca606')
INSERT INTO [dbo].[Teacher_Classroom] ([TeacherGUID], [ClassroomGUID], [SubjectTeach]) VALUES (N'48e38da8-4a7b-484a-9019-76619d9471d3', N'9e41551e-c3a6-4d0e-92db-dfc326b5a34e', N'1af2c17f-a3d2-4e55-91aa-0ac361d55db3')
INSERT INTO [dbo].[Teacher_Classroom] ([TeacherGUID], [ClassroomGUID], [SubjectTeach]) VALUES (N'b32ae701-c25c-4ba0-bfa7-1eb4a95878e5', N'9e41551e-c3a6-4d0e-92db-dfc326b5a34e', N'e4826c38-8a4b-4829-b46e-9e55d58eaf7b')
INSERT INTO [dbo].[Teacher_Classroom] ([TeacherGUID], [ClassroomGUID], [SubjectTeach]) VALUES (N'24b5b213-5a0e-4af0-b44e-080cc811f57a', N'9e41551e-c3a6-4d0e-92db-dfc326b5a34e', N'74672bd7-da45-43e7-9d20-a8197855526a')
INSERT INTO [dbo].[Teacher_Classroom] ([TeacherGUID], [ClassroomGUID], [SubjectTeach]) VALUES (N'e05320af-8b5e-4da0-bd88-f9c0a34a8206', N'4dda573d-7651-4705-bafc-93f99f24bf8a', N'e3757b82-858b-4943-bfeb-045f543d0788')
INSERT INTO [dbo].[Teacher_Classroom] ([TeacherGUID], [ClassroomGUID], [SubjectTeach]) VALUES (N'74445cea-d050-4e94-b279-2a10041f8df0', N'4dda573d-7651-4705-bafc-93f99f24bf8a', N'98f68f5e-a407-4630-b448-2234f182e346')
INSERT INTO [dbo].[Teacher_Classroom] ([TeacherGUID], [ClassroomGUID], [SubjectTeach]) VALUES (N'b1d85a65-6262-4e0b-8b3c-74bc8ec22c29', N'4dda573d-7651-4705-bafc-93f99f24bf8a', N'67a55427-2465-4819-817c-34662c68cc2f')
INSERT INTO [dbo].[Teacher_Classroom] ([TeacherGUID], [ClassroomGUID], [SubjectTeach]) VALUES (N'48e38da8-4a7b-484a-9019-76619d9471d3', N'4dda573d-7651-4705-bafc-93f99f24bf8a', N'dd7d22c4-4b67-4695-918a-c5688cd857a5')
INSERT INTO [dbo].[Teacher_Classroom] ([TeacherGUID], [ClassroomGUID], [SubjectTeach]) VALUES (N'b32ae701-c25c-4ba0-bfa7-1eb4a95878e5', N'4dda573d-7651-4705-bafc-93f99f24bf8a', N'0da5b899-ed72-49cd-b314-c59cb9dca57c')
INSERT INTO [dbo].[Teacher_Classroom] ([TeacherGUID], [ClassroomGUID], [SubjectTeach]) VALUES (N'24b5b213-5a0e-4af0-b44e-080cc811f57a', N'4dda573d-7651-4705-bafc-93f99f24bf8a', N'dab86781-2371-4cd3-9141-d285b864cc64')
INSERT INTO [dbo].[Teacher_Classroom] ([TeacherGUID], [ClassroomGUID], [SubjectTeach]) VALUES (N'54105440-639b-4a62-a4dd-2b8389cb39db', N'4dda573d-7651-4705-bafc-93f99f24bf8a', N'cf9b895e-0e2b-4a6f-a975-fffd5bbcc835')
INSERT INTO [dbo].[Teacher_Classroom] ([TeacherGUID], [ClassroomGUID], [SubjectTeach]) VALUES (N'e1ba9e7d-b545-4f90-8dbf-3225082df81f', N'4dda573d-7651-4705-bafc-93f99f24bf8a', N'68284d3b-6504-4a6d-8158-0ed99b6ca606')
INSERT INTO [dbo].[Teacher_Classroom] ([TeacherGUID], [ClassroomGUID], [SubjectTeach]) VALUES (N'3142d63c-3abe-4b3a-a8a4-7af4da0717c7', N'4dda573d-7651-4705-bafc-93f99f24bf8a', N'e4826c38-8a4b-4829-b46e-9e55d58eaf7b')
INSERT INTO [dbo].[Teacher_Classroom] ([TeacherGUID], [ClassroomGUID], [SubjectTeach]) VALUES (N'c6c261a7-5da9-46df-9bb8-89cf3093e4d9', N'4dda573d-7651-4705-bafc-93f99f24bf8a', N'ed3fe072-255e-4de9-9068-65dcefa277d1')
INSERT INTO [dbo].[Teacher_Classroom] ([TeacherGUID], [ClassroomGUID], [SubjectTeach]) VALUES (N'779aa09a-ec8f-49c8-9be4-2a95061baede', N'4dda573d-7651-4705-bafc-93f99f24bf8a', N'e33795fb-1e15-483e-a551-93d195ad10ef')
INSERT INTO [dbo].[Teacher_Classroom] ([TeacherGUID], [ClassroomGUID], [SubjectTeach]) VALUES (N'e54b9184-873d-4d74-9567-f4452f05b769', N'9453548b-f6a8-40af-87e8-fa9c5c0e553a', N'e3757b82-858b-4943-bfeb-045f543d0788')
INSERT INTO [dbo].[Teacher_Classroom] ([TeacherGUID], [ClassroomGUID], [SubjectTeach]) VALUES (N'11cac8b5-9b1e-4ed4-80f9-9956b7f395e9', N'9453548b-f6a8-40af-87e8-fa9c5c0e553a', N'33df3d0f-716e-4eb9-896c-197814e263a3')
INSERT INTO [dbo].[Teacher_Classroom] ([TeacherGUID], [ClassroomGUID], [SubjectTeach]) VALUES (N'8469e1f9-8f87-4567-8d88-a05368d58275', N'9453548b-f6a8-40af-87e8-fa9c5c0e553a', N'98f68f5e-a407-4630-b448-2234f182e346')
INSERT INTO [dbo].[Teacher_Classroom] ([TeacherGUID], [ClassroomGUID], [SubjectTeach]) VALUES (N'0c104dd5-7b85-4833-9e96-4786d6eb0ce7', N'9453548b-f6a8-40af-87e8-fa9c5c0e553a', N'67a55427-2465-4819-817c-34662c68cc2f')
INSERT INTO [dbo].[Teacher_Classroom] ([TeacherGUID], [ClassroomGUID], [SubjectTeach]) VALUES (N'32b7e377-b746-4750-816c-9d45d23fd96d', N'9453548b-f6a8-40af-87e8-fa9c5c0e553a', N'c2014049-a5b7-4c03-b940-8b080b6eb108')
INSERT INTO [dbo].[Teacher_Classroom] ([TeacherGUID], [ClassroomGUID], [SubjectTeach]) VALUES (N'a1059236-e88f-412d-867c-d5241d7442b7', N'9453548b-f6a8-40af-87e8-fa9c5c0e553a', N'dd7d22c4-4b67-4695-918a-c5688cd857a5')
INSERT INTO [dbo].[Teacher_Classroom] ([TeacherGUID], [ClassroomGUID], [SubjectTeach]) VALUES (N'86d21ea4-fbc4-42a4-9f1b-5377fab53d0e', N'9453548b-f6a8-40af-87e8-fa9c5c0e553a', N'dab86781-2371-4cd3-9141-d285b864cc64')
INSERT INTO [dbo].[Teacher_Classroom] ([TeacherGUID], [ClassroomGUID], [SubjectTeach]) VALUES (N'3c92d56d-6dba-41b5-bb69-9b20a0d9f369', N'9453548b-f6a8-40af-87e8-fa9c5c0e553a', N'a0879683-88d5-44e4-8a77-d5d104fd8ce9')
INSERT INTO [dbo].[Teacher_Classroom] ([TeacherGUID], [ClassroomGUID], [SubjectTeach]) VALUES (N'da88dc52-f907-44ce-9e77-87863e60e0f1', N'9453548b-f6a8-40af-87e8-fa9c5c0e553a', N'68284d3b-6504-4a6d-8158-0ed99b6ca606')
INSERT INTO [dbo].[Teacher_Classroom] ([TeacherGUID], [ClassroomGUID], [SubjectTeach]) VALUES (N'd91bddb5-eefa-4d6b-a61f-3f6efee8e7fc', N'9453548b-f6a8-40af-87e8-fa9c5c0e553a', N'e4826c38-8a4b-4829-b46e-9e55d58eaf7b')
INSERT INTO [dbo].[Teacher_Classroom] ([TeacherGUID], [ClassroomGUID], [SubjectTeach]) VALUES (N'f1e17366-c11e-433c-8911-c304bfd4423b', N'9453548b-f6a8-40af-87e8-fa9c5c0e553a', N'cf9b895e-0e2b-4a6f-a975-fffd5bbcc835')








